year,econ_loss
1995,1.53445672
1995,1.680613723
1996,2.066183823
1997,1.054056769
1997,1.072337097
1997,0.446888732
1997,5.222950851
1998,12.32994408
1999,2.661805669
1999,8.332254298
1999,15.1573113
1999,6.919490908
1999,0.561788131
1999,1.982309522
1999,4.647459194
1999,4.238825208
1999,1.621828831
1999,2.30587276
1999,0.815571893
2000,1.374663917
2000,1.815019261
2000,0.239241465
2000,6.615623441
2000,1.254677744
2000,3.431482723
2000,0.360323958
2000,0.888579832
2000,0.551814715
2000,0.018747078
2000,0.455825643
2000,0.002923521
2001,3.290375483
2001,30.32315593
2001,0.994284825
2001,2.057863942
2001,2.111765633
2001,7.277004128
2001,11.40431784
2001,40.37579039
2001,4.82669836
2001,21.59170212
2001,46.80864328
2001,74.99147506
2001,79.86350933
2001,20.5394396
2001,11.38552894
2001,9.877603479
2001,11.71488427
2001,5.165072983
2001,2.288178089
2001,0.002206825
2001,2.401025168
2001,10.90653545
2001,9.089469175
2001,5.081489501
2001,1.746856151
2001,14.21923296
2001,65.30620407
2001,22.26169627
2001,50.47386889
2001,83.44547594
2001,20.27858962
2002,177.3392762
2002,182.4195774
2002,318.0298833
2002,27.45816581
2002,5.234254675
2002,48.15326282
2002,10.2548425
2002,0.267101017
2002,9.012968545
2002,10.00144918
2002,10.42340768
2002,8.192145299
2002,2.207633547
2002,17.04562748
2002,7.605395942
2002,0.394584142
2002,1.266228157
2002,77.02069278
2002,19.67264104
2002,6.135074675
2002,48.85913766
2002,50.69303387
2002,60.28998387
2002,61.91806582
2002,162.6237896
2002,52.93084546
2002,75.83457957
2002,183.5031408
2002,71.53639962
2002,58.82339329
2002,44.53181471
2002,31.02843378
2002,16.22360721
2003,13.79682263
2003,4.523737119
2003,24.57258869
2003,6.018948894
2003,7.663471069
2003,25.5613603
2003,0.732851574
2003,15.23118908
2003,3.487392576
2003,3.03906414
2003,19.32559435
2003,53.46568436
2003,10.78267058
2003,28.87746098
2003,6.027923083
2003,60.70259691
2003,320.8877321
2003,89.53751115
2003,58.1676017
2003,87.65266231
2003,23.13548377
2003,49.66538849
2003,89.35267367
2003,152.6625668
2003,188.6472831
2003,84.57905362
2003,51.87853864
2003,42.08274349
2003,33.41307046
2003,17.54105942
2003,43.77566468
2003,39.96191806
2003,4.291421549
2004,139.3584405
2004,10.40085387
2004,22.81540458
2004,4.367294421
2004,40.97657186
2004,105.3609701
2004,108.152329
2004,34.91613067
2004,58.82469421
2004,94.09932811
2004,5.796334461
2004,3.220491054
2004,3.029272816
2004,6.5354938
2004,9.451601566
2004,10.97087348
2004,3.635475837
2004,0.732044864
2004,16.11699002
2004,2.315082458
2004,200.8658926
2004,45.62731461
2004,4.234469678
2004,14.13676793
2004,18.51910461
2004,25.28612141
2004,148.9063828
2004,39.18902546
2004,9.445168826
2004,87.14459164
2004,0.82502175
2004,0.944994025
2004,109.1837763
2005,45.13195284
2005,92.97676912
2005,63.4155302
2005,256.0836582
2005,584.5018283
2005,326.9616954
2005,138.3541443
2005,168.8572721
2005,160.6127964
2005,254.1094437
2005,83.64163799
2005,441.3826233
2005,95.77690386
2005,354.4282994
2005,513.5960442
2005,100.7175495
2005,64.70620649
2005,43.97722325
2005,77.62764198
2005,194.3028695
2005,36.28922433
2005,160.3045703
2005,42.15545641
2005,36.48530987
2005,64.5369575
2005,31.63319685
2005,29.16425673
2005,39.62959763
2005,53.04236501
2005,36.93304718
2005,37.73687103
2005,5.423590693
2005,3.561116047
2005,27.76567668
2005,59.72643616
2006,231.6577069
2006,259.5364244
2006,215.2670951
2006,107.8747347
2006,61.17552958
2006,486.1963291
2006,87.72671541
2006,63.96028861
2006,1.185590628
2006,4.659790907
2006,14.60347644
2006,0.952945131
2006,4.375999182
2006,36.65009495
2006,7.708630444
2006,13.26392486
2006,6.828258873
2006,16.62507979
2006,68.07239514
2006,4.480589881
2006,59.66543874
2006,109.1347651
2006,26.01409813
2006,46.64517856
2006,37.82549488
2006,38.49580979
2006,27.27775677
2006,10.97392456
2006,10.43791856
2006,11.41970182
2006,14.57739757
2006,7.084451039
2006,26.88586823
2007,22.47130025
2007,3.445397804
2007,16.25315136
2007,3.976269944
2007,9.550284556
2007,16.87928734
2007,22.85436202
2007,16.39155855
2007,3.752823512
2007,17.66550169
2007,127.8540304
2007,247.0789182
2007,47.22109975
2007,78.86227395
2007,95.2147237
2007,28.23763147
2007,72.43881469
2007,63.39680252
2007,34.81973222
2007,39.95924697
2007,33.20696123
2007,48.48534635
2007,63.36642781
2007,127.7256756
2007,144.5603624
2007,71.2556583
2007,80.41705831
2007,185.2258712
2007,103.5436932
2007,90.7280837
2007,11.45974835
2007,14.88353749
2007,15.85732413
2008,38.65886455
2008,56.99126952
2008,299.9684665
2008,42.56379225
2008,81.45994836
2008,262.0084368
2008,62.05492516
2008,41.12307111
2008,126.3003444
2008,74.91327845
2008,89.91100481
2008,5.843212102
2008,4.894164506
2008,8.126926185
2008,90.43026735
2008,5.335351923
2008,47.77743953
2008,24.8321033
2008,78.00534751
2008,44.704732
2008,81.81939645
2008,21.17802374
2008,39.92973751
2008,32.38926736
2008,81.67533954
2008,62.92606949
2008,31.12504481
2008,72.82092257
2008,36.41896762
2008,97.25553109
2008,34.54705258
2008,20.25276241
2008,90.46255235
2008,93.55321724
2008,114.6865727
2009,376.3611874
2009,316.1455712
2009,164.9337076
2009,106.21446
2009,22.31778577
2009,20.84533014
2009,44.37026965
2009,63.96422235
2009,90.76670567
2009,167.9200409
2009,429.2662407
2009,486.1052819
2009,233.9627454
2009,87.1635725
2009,39.60982397
2009,102.3665782
2009,37.4055233
2009,33.10447732
2009,9.911012146
2009,117.3357436
2009,24.00980901
2009,49.40024694
2009,30.11746735
2009,8.712112683
2009,33.31847785
2009,18.81714735
2009,21.3372079
2009,11.56301356
2009,7.109861149
2009,9.414453328
2009,9.34513288
2009,2.252298638
2009,33.88112788
2009,99.09884715
2009,15.55034476
2010,20.43017487
2010,12.40193366
2010,54.89221139
2010,101.6529946
2010,129.937634
2010,92.98762162
2010,127.3193958
2010,33.40517059
2010,19.85378246
2010,28.12674279
2010,31.98678149
2010,5.491625478
2010,38.23216855
2010,27.14879185
2010,78.58649017
2010,34.74142893
2010,44.58664872
2010,38.53404361
2010,104.3844113
2010,29.31057481
2010,37.31438896
2010,7.042358364
2010,22.34065546
2010,11.47053877
2010,14.69983979
2010,19.95366897
2010,7.309007967
2010,3.305548156
2010,8.078453542
2010,15.83409941
2010,4.013928241
2010,4.970596502
2010,7.321713739
2011,100.7626681
2011,54.97223139
2011,33.24723341
2011,35.23675574
2011,52.69380831
2011,6.089519161
2011,1.347935587
2011,9.789314512
2011,4.336482761
2011,2.623842764
2011,2.310004331
2011,5.445901946
2011,3.497638254
2011,20.51758656
2011,0.605184798
2011,11.34140519
2011,22.38418455
2011,46.91509279
2011,20.70746488
2011,13.62993904
2011,20.04747597
2011,13.38475927
2011,19.21028082
2011,15.43797392
2011,1.453306253
2011,1.643215019
2011,4.955160765
2011,35.96426752
2011,2.887079115
2011,32.62595653
2011,212.9920666
2011,717.8772621
2012,2047.537477
2012,185.8674826
2012,75.29004969
2012,91.58986921
2012,34.49031732
2012,62.67116967
2012,109.7347448
2012,102.7875662
2012,58.70691316
2012,92.93945757
2012,193.8311657
2012,220.1891668
2012,148.1996656
2012,147.2601616
2012,120.779467
2012,86.80707126
2012,25.02978251
2012,41.21140513
2012,255.7518586
2012,10.36518371
2012,2.014404298
2012,2.52542785
2012,0.435442879
2012,2.767970707
2012,17.79660257
2012,12.48336049
2012,0.953044792
2012,44.54880652
2012,0.373236758
2012,1.723367888
2013,36.30402242
2013,6.935137784
2013,13.71228752
2013,6.128015349
2013,63.66819015
2013,97.61878435
2013,288.8562886
2013,117.4552845
2013,88.43141159
2013,82.88557502
2013,269.0194118
2013,178.102751
2013,205.1895812
2013,244.0476012
2013,158.1037912
2013,411.4311884
2013,94.17058932
2013,30.45891303
2013,11.58560047
2013,81.83166576
2013,144.7841227
2013,28.42998407
2013,28.04831062
2013,104.9587327
2013,304.7145463
2013,208.4661114
2013,60.18099566
2013,158.7715706
2013,116.4682367
2013,493.85097
2013,521.5650906
2013,186.7567005
2013,87.64248036
2013,27.88589385
2013,15.08775741
2014,27.83981437
2014,14.16831462
2014,81.4890781
2014,88.937158
2014,117.6782379
2014,103.9612976
2014,89.62965049
2014,251.4911704
2014,124.3268979
2014,72.53423204
2014,137.4446096
2014,196.1146795
2014,127.5537595
2014,58.4423225
2014,63.75189681
2014,28.93349864
2014,18.87447442
2014,39.21267347
2014,24.71439378
2014,127.3682459
2014,56.79754375
2014,120.7964338
2014,52.19733416
2014,57.66828934
2014,44.1022877
2014,120.8712951
2014,84.77985164
2014,390.0606899
2014,118.9852466
2014,192.0842448
2014,29.18568187
2014,54.79830853
2014,1.466177727
2015,33.19598993
2015,78.44562602
2015,46.51606111
2015,3.489996381
2015,7.495814884
2015,24.37908264
2015,7.711121407
2015,0.423225976
2015,2.364388233
2015,0.230851166
2015,4.682489744
2015,43.15242347
2015,129.8936482
2015,23.09282008
2015,44.8036584
2015,101.4290858
2015,111.4157527
2015,401.5987703
2015,648.4793848
2015,203.2912183
2015,199.5905291
2015,373.1694773
2015,179.5678582
2015,43.99693522
2015,369.2682312
2015,65.56845217
2016,23.72749293
2016,39.82836254
2016,15.70523192
2016,29.13994307
2016,232.9338305
2016,11.20830966
2016,17.45558104
2016,8.308352385
2016,12.91618962
2016,22.59886699
2016,1.424298271
2016,3.233107937
2016,117.6291222
2016,1.271101298
2016,1.734305353
2016,342.1742604
2016,5.895944479
2016,19.9137999
2016,91.35165228
2016,0.925101961
2016,9.032840381
2016,3.338523714
2016,2.438866903
2016,0.266327879
2016,27.29892429
2017,86.72629157
2017,211.8849914
2017,324.9938756
2017,90.10157712
2017,342.9175828
2017,704.3161038
2017,301.9885815
2017,498.5762398
2017,1351.681292
2017,34.73812201
2017,69.77572493
2017,178.8733762
2017,31.30237457
2017,152.7777705
2017,39.74002112
2017,499.769758
2017,132.556316
2017,23.25896006
2017,111.0085405
2017,182.644996
2017,95.18562423
2017,15.18872525
2017,69.53449665
2017,157.0231581
2017,177.3882106
2017,265.5023817
2017,56.14787827
2017,60.85419711
2017,77.0516572
2017,121.7755993
2017,48.66807782
2017,58.35983016
2017,73.74892824
2018,36.2349883
2018,59.89185326
2018,240.3142104
2018,235.0901048
2018,74.67468687
2018,132.4334893
2018,142.1974756
2018,384.1371303
2018,837.7705739
2018,26.49217099
2018,11.12182211
2018,48.22623006
2018,428.7851069
2018,40.1921922
2018,24.57128224
2018,71.10587466
2018,22.71284817
2018,112.8856632
2018,31.77799578
2018,129.2336547
2018,35.79150735
2018,56.48858653
2018,53.5019122
2018,298.0711919
2018,115.6181258
2018,279.456607
2018,51.18543507
2018,45.49324033
2018,18.459299
2018,33.6587052
2018,58.01941842
2018,145.3153721
2018,270.5210846
2018,80.5789711
2019,61.0091228
2019,32.26586639
2019,171.6463496
2019,39.01037931
2019,149.4530351
2019,12.86824309
2019,53.03245199
2019,371.8610595
2019,28.70448972
2019,15.36991379
2019,0.011010009
2019,16.34653834
2019,93.0607434
2019,230.2643577
2019,3.69928318
2019,21.71291549
2019,21.3806165
2019,143.228685
2019,8.438286878
2019,31.01187041
2019,9.444249658
2019,28.36030359
2019,79.01984214
2019,358.2424848
2019,94.42519122
2019,817.1047237
2019,14.92666824
2019,4.510400392
2019,20.36900006
2019,8.218227157
2019,44.70011804
2019,78.39573215
2019,69.26550176
2019,149.7419086
2020,370.7791526
2020,325.6595952
2020,83.4254467
2020,90.45476659
2020,90.31781125
2020,392.8222302
2020,337.7066635
2020,776.0472858
2020,225.238133
2020,377.5267041
2020,255.0202806
2020,372.4112834
2020,401.5592182
2020,267.4258292
2020,48.740175
2020,70.58917374
2020,38.86486198
2020,19.45279762
2020,3.959490102
2020,2.443174886
2020,22.56982935
2020,4.595101506
2020,91.00225832
2020,52.43299264
2020,18.05581695
2020,3.26968975
2020,20.23470573
2020,10.95439059
2020,377.479871
2020,146.0393162
2020,347.0756468
2020,260.8630222
2020,144.0626853
2020,88.19863418
2020,3.809366176
2020,2.679716884
2021,89.54351737
2021,15.00515846
2021,48.4654592
2021,36.99265043
2021,32.42461124
2021,13.46129333
2021,11.13332794
2021,11.26193284
2021,36.43853533
2021,28.35216113
2021,163.0824473
2021,164.7137275
2021,122.047535
2021,49.72239865
2021,84.21812867
2021,23.03736214
2021,5.86107306
2021,118.0289509
2021,171.9701348
2021,72.4235991
2021,437.0093758
2021,345.217234
2021,131.9394671
2021,20.73377446
2021,34.37808071
2021,171.3697054
2021,350.7404566
2021,213.9837544
2021,339.4411155
2021,207.2395709
2021,78.2293505
2021,41.11936924
2021,56.00724274
2021,1317.320137
2021,5964.123234
2022,2345.278599
2022,705.0291719
2022,527.1012557
2022,161.307348
2022,97.48653162
2022,131.0663694
2022,19.39377819
2022,24.50314119
2022,43.19740128
2022,226.5428735
2022,49.53843034
2022,208.3346195
2022,20.67729328
2022,49.78142939
2022,18.70373271
2022,5.426512489
2022,60.95129996
2022,31.4369191
2022,20.02849009
2022,85.8217744
2022,53.5891106
2022,120.3281831
2022,46.87838335
2022,38.89265488
2022,16.67416082
2022,26.03556604
2022,316.1428825
2022,238.4197223
2022,44.10858679
2022,13.47398367
2022,472.8707184
2022,32.64853866
2022,71.53627877
2022,98.1560645
2023,402.3688349
2023,1198.039219
2023,893.4785872
2023,667.4273696
2023,734.4286115
2023,390.4597319
2023,150.710001
2023,123.5805342
2023,47.7521668
2023,225.1936027
2023,80.17447802
2023,39.40386041
2023,16.31938098
2023,191.713463
2023,9.230637738
2023,8.386366968
2023,22.02301549
2023,0.801029516
2023,11.47967001
2023,21.44574942
2023,55.85843979
2023,26.56236211
2023,41.0920246
2023,141.877424
2023,52.72936127
2023,157.934173
2023,195.8037603
2023,19.29292389
2023,33.73456814
2023,147.0030914
2023,76.80254631
2023,196.1580816
2023,108.5046665
2023,793.3260112
2024,153.4339058
2024,56.93979183
2024,18.43603996
2024,343.4906109
2024,138.7151298
2024,80.17138874
2024,195.0310162
2024,34.63002222
2024,18.32235144
2024,181.8045902
2024,153.1306414
2024,186.4769642
2024,45.81822485
2024,144.1598119
2024,24.65208743
2024,195.3697255
2024,30.3314733
2024,68.54752245
2024,228.2703866
2024,33.62184501
2024,38.18076834
2024,13.18558246
2024,56.36980043
2024,268.3266297
2024,116.3523944
2024,116.9832807
2024,56.86443459
2024,79.25312819
2024,12.52980747
2024,46.7113506
2024,198.7732188
2024,17.27715729
2024,37.03982753
2024,18.74120966
2024,10.99792105
2024,1.259076
1995,0.732703084
1995,0.133162072
1995,33.96970697
1995,8.767502085
1996,1.508675571
1996,0.653467035
1996,1.284503924
1996,1.392893492
1996,9.280109036
1996,29.82265664
1996,0.412254371
1996,0.563121928
1997,0.571260249
1997,4.578778208
1997,0.799764349
1997,15.97564705
1997,4.243647567
1997,0.197615242
1997,0.099562501
1997,1.393875008
1997,1.107592015
1997,4.547231585
1997,77.50989637
1997,4.517852486
1997,0.277469264
1997,0.477410351
1998,3.040519595
1998,10.47876739
1998,0.567309024
1998,7.463764663
1998,2.086284954
1998,2.728218785
1998,11.4798632
1998,27.64226459
1998,2.278865103
1998,0.174606002
1998,15.76796515
1998,0.080241729
1998,0.117955342
1998,3.333401905
1998,29.69993534
1999,4.907620603
1999,0.277550089
1999,2.93320284
1999,0.204250113
1999,4.830283778
1999,0.572756376
1999,0.630813166
1999,52.55394208
2000,2.478969142
2000,6.410769842
2000,0.330114241
2000,28.12905034
2000,1.380510958
2000,4.310000771
2000,0.125467774
2000,0.993509872
2000,7.893506583
2000,34.98177981
2000,0.630993273
2000,1.827200598
2000,5.445788662
2000,0.113242584
2000,41.41654689
2000,8.73035593
2000,3.976924028
2000,1.85190435
2000,0.95623498
2000,114.2515778
2000,0.558514316
2000,1.920996895
2000,0.269207555
2000,5.907136105
2000,0.551814581
2000,0.206960921
2000,5.820242972
2000,24.12839098
2001,7.493272939
2001,10.22032003
2001,13.07466338
2001,1.070309932
2001,11.76987834
2001,54.29998636
2001,9.980420541
2001,4.415745689
2001,10.95795446
2001,0.939555575
2001,5.159942116
2001,0.598049467
2001,1.349644549
2001,2.758530754
2001,20.45840171
2001,6.392398486
2001,1.765459682
2001,0.062894501
2001,1.685793314
2001,0.600587316
2001,2.812239347
2001,104.809096
2001,10.5458079
2001,1.688220821
2001,17.04705801
2001,0.481693537
2001,208.8069413
2001,57.88729781
2001,2.651223907
2001,0.52743108
2001,3.361909702
2001,120.6728922
2001,22.34126704
2002,6.076641527
2002,26.89313982
2002,13.6304442
2002,29.47902007
2002,16.13770224
2002,9.697041308
2002,61.84544664
2002,14.31281747
2002,1.3389966
2002,10.90653756
2002,5.197995275
2002,36.90327876
2002,0.541726251
2002,1.389885454
2002,5.263461211
2002,2.740840498
2002,6.983033115
2002,22.78519189
2002,0.011347429
2002,53.08646507
2002,0.838478973
2002,0.151444531
2002,0.140975218
2002,7.703158405
2002,16.2338429
2002,3.529004971
2002,0.256190027
2002,4.267244249
2002,0.145072513
2002,12.70039148
2002,0.53769355
2002,1.339729818
2002,0.017457583
2002,0.65902375
2002,8.967611126
2002,19.76022923
2002,48.58932444
2002,61.86780195
2002,18.0415948
2002,34.27048847
2002,4.752739626
2002,7.579942786
2002,2.984024626
2002,19.33209074
2002,24.21300132
2002,25.88514359
2002,34.73588493
2002,9.281803973
2002,6.02035217
2002,5.704265176
2002,8.214931088
2003,46.58922211
2003,37.51595053
2003,156.8324347
2003,30.25745535
2003,56.19548677
2003,16.65022564
2003,31.42911803
2003,4.411948881
2003,29.76969561
2003,10.50732998
2003,15.80194183
2003,5.369313264
2003,4.394028876
2003,9.299945773
2003,10.21680216
2003,3.397974956
2003,1.103825257
2003,2.709856512
2003,1.145080585
2003,2.801259252
2003,8.71426803
2003,0.159946477
2003,8.709908536
2003,0.641042459
2003,0.227800102
2003,6.229767349
2003,3.898948725
2003,0.125654861
2003,5.107262079
2003,1.061710612
2003,4.476231475
2003,0.916615728
2003,54.89445796
2003,2.203216113
2003,13.92702215
2003,14.72935194
2003,13.39424716
2003,29.87187666
2004,90.98303979
2004,219.1399357
2004,116.1358455
2004,72.78444104
2004,161.8654878
2004,224.0837292
2004,256.406902
2004,48.87963065
2004,40.17769257
2004,18.6065575
2004,22.01350621
2004,29.4539893
2004,51.43536954
2004,29.74150996
2004,16.07057279
2004,123.7581207
2004,26.67341935
2004,3.319743802
2004,24.03875026
2004,14.09485897
2004,100.2051522
2004,0.634607424
2004,26.913385
2004,15.62489405
2004,7.72102374
2004,20.89982806
2004,4.694239291
2004,0.312497592
2004,4.11583557
2004,11.90221835
2004,1.041759851
2004,0.356167644
2004,1.675057304
2004,1.501912624
2004,2.206419893
2004,6.108168391
2004,0.420029475
2004,0.356627435
2004,25.66985556
2004,1.013377136
2004,9.889424097
2004,0.271031067
2004,32.9908775
2004,2.036383864
2004,5.89071353
2005,10.50612513
2005,8.675204745
2005,32.77205342
2005,12.7137291
2005,45.39685355
2005,42.76676771
2005,21.53372127
2005,19.17964547
2005,57.4177486
2005,1.292205397
2005,132.0425189
2005,158.7704621
2005,25.19991428
2005,20.30363817
2005,30.77809579
2005,17.20818649
2005,6.575715419
2005,86.15506687
2005,8.405385756
2005,1.078437632
2005,42.25118382
2005,3.560269723
2005,8.875141761
2005,29.03659042
2005,2.413272026
2005,30.61519244
2005,123.5230701
2005,0.382238292
2005,6.167386271
2005,1.343404759
2005,0.643491594
2005,0.187429604
2005,0.074990696
2005,0.26425293
2005,1.07096713
2005,0.142839421
2005,25.64003325
2005,1.95782853
2005,4.520153492
2005,8.958888514
2005,1.473031534
2005,0.179406313
2005,0.821326673
2005,5.439539428
2005,0.222829497
2005,10.72302679
2005,5.074106195
2005,0.56293016
2005,10.91678846
2005,0.677380246
2005,16.92347753
2005,61.99727616
2005,49.45284463
2005,4.492549774
2005,1.428394215
2005,5.833258345
2006,1.152080318
2006,5.170069664
2006,8.557858758
2006,5.09397993
2006,39.21273844
2006,4.166407677
2006,28.11838801
2006,0.88427308
2006,4.980829307
2006,9.167403722
2006,1.8165065
2006,7.386806237
2006,19.24202029
2006,15.52666414
2006,26.97805281
2006,53.49769202
2006,22.43712884
2006,8.582957774
2006,13.47418313
2006,15.40159361
2006,3.122238813
2006,0.712505563
2006,5.375160328
2006,0.77548499
2006,1.661065453
2006,0.967882334
2006,44.50046645
2006,5.929552277
2006,0.53356739
2006,7.920732814
2006,2.366412746
2006,7.402046891
2006,0.806449342
2006,0.556923525
2006,2.174660836
2006,1.312888519
2006,1.221578086
2006,4.064793684
2006,4.919217128
2006,12.75284034
2006,11.18449592
2006,4.591313587
2006,28.97141049
2006,6.098870857
2006,35.11951329
2006,23.25566087
2006,25.35344066
2006,3.533376596
2006,23.99668047
2007,361.0103928
2007,73.93689813
2007,27.65688503
2007,27.15799923
2007,73.17533012
2007,15.75748625
2007,71.35325189
2007,84.80800264
2007,39.42592263
2007,4.081494667
2007,65.18950158
2007,14.39557272
2007,69.73615687
2007,13.12868324
2007,12.36341429
2007,8.2053489
2007,1.441590459
2007,2.877711468
2007,1.150268251
2007,108.2011731
2007,7.266856029
2007,59.3665007
2007,3.531201081
2007,0.798478515
2007,1.903720742
2007,4.278601206
2007,7.604449174
2007,2.115457856
2007,11.98413508
2007,3.659543109
2007,1.221314982
2007,1.464940216
2007,0.004464337
2007,0.153062974
2007,1.293382132
2007,40.28097067
2007,12.43196609
2007,73.26444467
2007,0.843759645
2007,5.793886321
2007,1.030830024
2007,0.80941614
2007,0.910102712
2007,4.794417052
2007,0.671882681
2007,0.999915767
2008,4.245462643
2008,38.49331645
2008,2.494374088
2008,0.909898372
2008,2.411013219
2008,133.8268407
2008,13.78431027
2008,0.528484417
2008,8.617400738
2008,5.561429937
2008,10.13139404
2008,7.023017917
2008,8.415171546
2008,4.060974504
2008,63.54771193
2008,93.80198062
2008,98.65692886
2008,165.153628
2008,39.9597441
2008,42.30753708
2008,40.89642105
2008,13.62046215
2008,7.008722853
2008,5.238761156
2008,4.265043393
2008,2.881489043
2008,3.713763581
2008,10.06100915
2008,0.932416673
2008,0.541912386
2008,1.970059052
2008,4.978748436
2008,0.059858812
2008,1.909261978
2008,1.002496993
2008,0.298899464
2008,1.861325823
2008,9.275920744
2008,50.37043419
2008,3.288303314
2008,9.928220742
2008,19.03974386
2008,178.5790648
2008,1661.156509
2008,2.631285697
2008,204.6711326
2008,33.89837352
2008,3.907965805
2008,50.90259246
2009,206.094923
2009,145.6783223
2009,103.8983807
2009,27.64681805
2009,119.7838944
2009,56.55845004
2009,16.28520119
2009,20.16327411
2009,46.611099
2009,14.59765203
2009,25.001514
2009,5.065564176
2009,14.38526701
2009,20.9638954
2009,14.61869695
2009,12.50881704
2009,38.66968961
2009,35.84661774
2009,16.33814592
2009,92.62483155
2009,152.2358946
2009,255.4064088
2009,316.1161984
2009,324.9023931
2009,310.7954072
2009,117.3259972
2009,64.07508392
2009,36.21443999
2009,6.419077261
2009,38.15647632
2009,16.64523102
2009,3.800924606
2009,6.28432837
2009,17.19168561
2009,9.120859275
2009,3.159864221
2009,1.011722098
2009,13.5240139
2009,3.37509951
2009,2.052474746
2009,0.08390689
2009,2.93508058
2009,9.904255945
2009,0.541528001
2009,19.47929774
2009,30.24080063
2009,4.152762424
2009,20.34361877
2009,9.830907398
2009,52.31801001
2009,197.8406953
2009,12.40606609
2009,123.3906393
2009,165.4619266
2009,268.8070449
2009,151.1015019
2009,120.4579393
2009,152.1285085
2009,53.60795095
2009,34.862453
2009,17.71818415
2009,55.53338278
2009,232.2514881
2010,55.46535977
2010,35.01366832
2010,69.19926712
2010,75.68316076
2010,175.2910736
2010,96.77929316
2010,45.50497873
2010,19.13917865
2010,12.8540136
2010,7.297187156
2010,32.24615783
2010,43.94911252
2010,0.515801688
2010,2.472970697
2010,6.193632642
2010,32.32505777
2010,7.486381942
2010,231.7116752
2010,59.23899671
2010,60.51307151
2010,63.13508104
2010,43.18028346
2010,1.210109126
2010,45.92209713
2010,29.89219344
2010,3.697999717
2010,10.31323896
2010,22.56211433
2010,709.3824551
2010,4.444526737
2010,2.432473871
2010,2.050540837
2010,7.418443181
2010,11.98622948
2010,3.775796237
2010,2.094320039
2010,52.20779717
2010,4.986739816
2010,15.20495989
2010,2.42794462
2010,5.412527183
2010,1.992870159
2010,4.951989276
2010,0.50621034
2010,23.67161867
2010,3.406662338
2010,7.349923616
2010,20.4936739
2010,1.88949668
2010,17.70827658
2010,31.59582036
2011,45.29217491
2011,21.14364503
2011,2161.87691
2011,88.02453119
2011,47.81121288
2011,12.59425647
2011,12.88756074
2011,17.36396506
2011,54.57670899
2011,34.71948538
2011,11.3842208
2011,5.036177876
2011,44.88868033
2011,199.507686
2011,15.33385473
2011,20.81235848
2011,38.61321696
2011,46.05115127
2011,10.43341637
2011,18.72873389
2011,11.19784723
2011,24.95562262
2011,23.02889286
2011,16.7258437
2011,0.801990387
2011,3.405579131
2011,6.820133764
2011,5.338446495
2011,13.94843116
2011,4.143098169
2011,14.46658608
2011,19.42626658
2011,62.66226514
2011,28.41425805
2011,1.557478222
2011,7.914954419
2011,15.07145243
2011,53.94883673
2011,39.27729016
2011,0.463239148
2011,23.71598695
2011,5.833626211
2011,8.618440514
2011,10.15086485
2011,55.3189655
2011,16.0477708
2011,0.585646332
2011,1.373426935
2011,16.8867036
2011,4.499858774
2011,2.936453065
2011,49.1591028
2011,24.35774063
2011,147.4804889
2011,253.8200208
2012,142.6222132
2012,52.63931645
2012,11.94298597
2012,2.856354583
2012,3.247577128
2012,14.23231084
2012,74.78070841
2012,9.49297801
2012,3.017936051
2012,3.86879707
2012,4.412773446
2012,9.447718462
2012,22.95861054
2012,28.33741226
2012,3.487056618
2012,36.06004124
2012,7.893531992
2012,5.720160757
2012,16.17392457
2012,62.78158152
2012,13.91266056
2012,13.01908388
2012,3.578873798
2012,2.944579771
2012,3.956755593
2012,25.52383531
2012,0.983543634
2012,10.09413964
2012,26.34147588
2012,1.224592136
2012,0.713609893
2012,0.004694802
2012,12.75270926
2012,0.252557809
2012,0.503399198
2012,2.74739809
2012,0.029577252
2012,0.014084406
2012,5.649724643
2013,13.4687701
2013,8.885956239
2013,2.844257744
2013,55.23623248
2013,19.23996476
2013,4.897741062
2013,24.87524499
2013,12.94834856
2013,8.955753625
2013,10.76746713
2013,47.2042902
2013,39.64971106
2013,87.90666564
2013,3.247151923
2013,42.09946163
2013,228.7660617
2013,93.77167911
2013,17.83723423
2013,11.31830619
2013,49.11873305
2013,34.16864418
2013,15.59361196
2013,24.30166907
2013,56.15530181
2013,83.71303717
2013,46.66720699
2013,8.764523494
2013,22.24652655
2013,19.26335706
2013,21.81571121
2013,101.3359414
2013,49.78066152
2013,8.933231998
2013,16.96239244
2013,1.258254858
2013,15.15979126
2013,29.15056722
2013,17.36672664
2013,63.88506358
2013,148.600891
2013,2.616952119
2013,8.484178471
2013,62.20499417
2013,100.6586089
2013,8.965485479
2013,11.425138
2013,2.332761819
2013,9.463657606
2013,24.41100998
2013,0.345975597
2013,2.122805883
2013,17.85400202
2013,39.43547992
2013,9.344046723
2013,42.59774086
2013,91.23687709
2013,79.07999746
2013,121.3148596
2013,183.6097782
2013,88.40186125
2014,7.707564757
2014,9.980310088
2014,11.16438607
2014,8.015503536
2014,36.11462826
2014,2.795597941
2014,53.90803447
2014,88.00929867
2014,457.2409972
2014,43.04418198
2014,76.73606901
2014,136.4275005
2014,87.62035345
2014,88.24802231
2014,24.05111829
2014,94.78528522
2014,33.46114671
2014,44.6091004
2014,27.39215948
2014,26.55331671
2014,75.52840629
2014,22.35896514
2014,20.90821355
2014,178.6161725
2014,73.01421337
2014,224.5083447
2014,380.643135
2014,48.99739671
2014,96.52416067
2014,118.5740801
2014,91.48424528
2014,63.14620327
2014,42.4784517
2014,18.44183916
2014,26.37535104
2014,15.34410898
2014,16.55880505
2014,0.614408207
2014,5.386461614
2014,33.73643549
2014,19.70489992
2014,12.07516877
2014,1.200379426
2014,39.39988643
2014,27.37841801
2014,21.84626242
2014,2.238840249
2014,1.609537327
2014,6.991781447
2014,8.348411943
2014,13.76474421
2014,6.464346302
2015,13.19622217
2015,28.26517194
2015,2.275179349
2015,1.884560724
2015,0.034853877
2015,4.121837644
2015,17.7622651
2015,15.47225744
2015,25.12323228
2015,31.38281191
2015,3.383178663
2015,37.95366804
2015,7.8478797
2015,8.072295291
2015,13.36426842
2015,2.75282307
2015,15.34778527
2015,50.02894213
2015,25.72185651
2015,20.9835965
2015,14.08088907
2015,15.23353503
2015,33.33827195
2015,15.80557216
2015,11.71179138
2015,5.664387346
2015,1.086375969
2015,2.202642623
2015,0.943601711
2015,25.64291443
2015,52.518679
2015,16.93696808
2015,19.4593143
2015,17.43822823
2015,0.434898926
2015,0.615751819
2015,1.452872227
2015,0.134381057
2015,1.17820664
2015,11.70548236
2015,2.602318706
2015,17.46348373
2015,23.80228197
2015,1740.44507
2015,118.4676065
2015,24.49267879
2015,9.173093795
2015,2.044857187
2015,12.74758655
2015,20.83704505
2015,23.3673904
2015,41.19237082
2015,79.13894323
2015,43.08711466
2015,27.31816638
2015,9.865270096
2015,28.63315173
2016,26.16375151
2016,933.2117391
2016,75.92202228
2016,14.73745051
2016,9.571399642
2016,3.635087038
2016,0.668430188
2016,3.337672119
2016,11.91702559
2016,118.4463345
2016,0.158998947
2016,140.1151643
2016,2.694676942
2016,20.17792016
2016,2.348383496
2016,0.000614233
2016,65.20698535
2016,136.8532673
2016,141.0252616
2016,64.98843104
2016,41.67460393
2016,21.10289313
2016,12.59078913
2016,76.45364067
2016,9.77533986
2016,0.036131362
2016,13.26165493
2016,9.628357482
2016,0.165842949
2016,74.1956985
2016,4.370354464
2016,2.11588054
2016,3.840285712
2016,0.036131362
2016,1.750346955
2016,0.017704367
2016,17.16946546
2016,0.336309268
2016,18.27767944
2017,69.87861181
2017,5.896655822
2017,17.28372858
2017,35.75311161
2017,12.26645389
2017,117.0455968
2017,1.239017495
2017,12.54402632
2017,27.26382824
2017,28.85985099
2017,35.25484886
2017,41.12421786
2017,46.91802485
2017,19.35438756
2017,17.77275251
2017,20.1926072
2017,29.68257173
2017,32.20486464
2017,13.37487528
2017,50.68854045
2017,52.60520838
2017,41.46521532
2017,15.96035542
2017,15.46180977
2017,23.89056968
2017,25.14954778
2017,40.73538906
2017,489.9197261
2017,1226.41588
2017,202.2983547
2017,26.8831471
2017,1.367964789
2017,1.198010201
2017,0.781048531
2017,1.657223552
2017,6.606448466
2017,1.90595748
2017,3.896883001
2017,5.798239769
2017,0.003628322
2017,0.036283219
2017,1.181563018
2017,0.150031109
2017,0.360956345
2017,0.419861425
2017,1.183436683
2017,0.004535402
2017,23.8630681
2017,11.10964691
2017,1.16975283
2017,1.262531306
2017,0.716215499
2017,1.26970693
2017,11.53312759
2017,56.5173996
2017,2.003999454
2017,7.464888213
2017,2.447320323
2017,3.440384233
2017,17.49905932
2018,17.28363599
2018,15.51448207
2018,31.51826498
2018,106.9863515
2018,4.956325613
2018,2.021609438
2018,30.33207737
2018,36.31760229
2018,48.46106875
2018,12.45205546
2018,58.32048184
2018,35.19205133
2018,11.02163528
2018,34.59416495
2018,37.49252429
2018,19.75040812
2018,26.02685546
2018,18.3872592
2018,6.444120846
2018,133.4134564
2018,35.68149229
2018,10.33484123
2018,0.762669479
2018,8.708756124
2018,1.854347347
2018,2.947340081
2018,95.20377787
2018,5.410528509
2018,5.385397073
2018,2.913515942
2018,2.390704868
2018,0.135512369
2018,1.822641369
2018,0.101634277
2018,0.08808304
2018,0.745318032
2018,3.766444347
2018,1.574297945
2018,1.427294194
2018,0.097230125
2018,5.252878511
2018,12.23297901
2018,6.662392628
2018,0.417791749
2018,9.509373684
2018,7.743554678
2018,1.284058033
2018,6.946594109
2018,22.01680334
2018,0.140932864
2018,0.025137545
2018,2.881211752
2018,15.50550873
2018,32.67500832
2018,4.032416239
2018,0.411151304
2018,0.269330834
2018,2.668865088
2019,14.08807909
2019,217.9521275
2019,15.13726135
2019,92.36660718
2019,22.53995106
2019,7.375018348
2019,8.670038676
2019,14.65474716
2019,21.31311714
2019,6.367204789
2019,37.55061422
2019,32.53731421
2019,2256.381001
2019,34.57032497
2019,62.76083369
2019,40.40013594
2019,25.16102161
2019,167.340748
2019,17.85478342
2019,20.00913729
2019,3.396895125
2019,4.62464723
2019,18.90686983
2019,27.04536535
2019,36.64584369
2019,53.28405476
2019,26.44896221
2019,21.32760387
2019,3.214870792
2019,1.184835382
2019,4.027894887
2019,0.336104056
2019,7.16129114
2019,2.352007519
2019,9.477341769
2019,29.34255757
2019,11.02961243
2019,0.312833678
2019,0.40757831
2019,0.061341479
2019,691.8256626
2019,4.516312629
2019,0.480911375
2019,2.250897346
2019,24.3854455
2019,18.1293305
2019,12.28961939
2019,21.78309124
2019,3.973483007
2019,9.38699785
2019,1.712980215
2019,0.244736772
2019,10.88611684
2019,0.800311187
2019,0.156184843
2020,1.30657361
2020,1.913300163
2020,25.04805593
2020,1449.210823
2020,320.3147763
2020,117.3405482
2020,54.69016436
2020,96.17868179
2020,125.9788659
2020,19.00369585
2020,3.437057976
2020,272.070639
2020,126.2934522
2020,38.22091589
2020,33.84342393
2020,14.98798315
2020,21.0748743
2020,5.595311435
2020,43.94826992
2020,1.412461441
2020,1.480018627
2020,17.46346017
2020,3.297600786
2020,17.20771815
2020,5.563351198
2020,1.041013774
2020,1.09963019
2020,1.213856308
2020,0.272188861
2020,1.432350368
2020,1.049703372
2020,0.213661867
2020,19.77218573
2020,42.0030891
2020,2.357458185
2020,1.036629451
2020,0.076672919
2020,0.003833646
2020,0.005111528
2020,2.0831396
2020,728.6565678
2020,0.00433248
2020,6.058128282
2020,0.401275009
2020,3.270687855
2020,0.000306692
2020,1.729928367
2020,30.40234989
2020,4.592725072
2020,1.200177931
2021,24.45757595
2021,5.067826861
2021,21.00889947
2021,35.39953381
2021,19.82797658
2021,4.660747641
2021,18.61571387
2021,29.86511073
2021,46.19930503
2021,35.94607014
2021,7.521699471
2021,650.3658411
2021,2008.080563
2021,307.110711
2021,209.6059446
2021,326.7846939
2021,5.954313291
2021,6.652957607
2021,4.208044612
2021,11.43348579
2021,16.61749447
2021,10.8485628
2021,18.46726682
2021,10.84787648
2021,5.969887319
2021,1.287759924
2021,6.099996035
2021,7.315200721
2021,96.56529766
2021,3.243649067
2021,0.238209441
2021,6.898740857
2021,0.764067021
2021,0.002668259
2021,0.369175998
2021,0.002170728
2021,0.021707284
2021,0.000217073
2021,0.099853507
2021,12.00156975
2021,0.574064717
2021,0.709762201
2021,0.055353575
2021,3.759544851
2021,0.84743668
2021,0.244641092
2021,12.18576083
2021,6.270803436
2021,9.22679248
2021,1.627851379
2021,3.43832527
2021,3.922547281
2021,20.26544579
2021,92.03395375
2021,40.45856642
2021,22.6413882
2021,87.44420727
2021,450.2624096
2021,168.3937791
2022,766.5191732
2022,335.9614851
2022,48.14392042
2022,19.68629596
2022,42.47203885
2022,63.19091554
2022,23.91306766
2022,9.104453658
2022,212.5921189
2022,10.2052812
2022,4.424591008
2022,3.869540583
2022,5.539440339
2022,19.90770342
2022,44.35864171
2022,11.69346532
2022,80.45318498
2022,150.6304177
2022,11.12625948
2022,17.41090587
2022,1.759458034
2022,11.53002241
2022,15.60326641
2022,121.363512
2022,14.40625997
2022,5.811279367
2022,34.42119444
2022,71.21420229
2022,409.4883705
2022,17.5494385
2022,9.922162434
2022,4.033174976
2022,5.69057005
2022,82.62680484
2022,327.496731
2022,4.631920048
2022,1.769652994
2022,4.442308925
2022,6.080516773
2022,0.630340661
2022,8.97428102
2022,0.591373452
2022,0.023768165
2022,0.618389796
2022,350.0981693
2022,0.341021505
2022,0.358814688
2022,27.40660005
2022,93.05173658
2022,18.32240964
2022,7.642645497
2022,4.878321652
2022,1.908635746
2022,8.164835354
2022,48.29576397
2022,203.4132766
2022,196.6746381
2022,4.884830936
2022,5.114638729
2022,51.90875868
2022,36.78451021
2022,91.80825473
2022,24.24905254
2023,61.31737097
2023,89.1169865
2023,21.60551174
2023,45.50602865
2023,31.20963801
2023,24.2234524
2023,14.98367685
2023,18.65984864
2023,31.8274994
2023,10.37053374
2023,11.65748652
2023,22.77692568
2023,98.96824929
2023,102.3986327
2023,58.44590428
2023,40.27202124
2023,21.94735474
2023,12.92600025
2023,22.89310032
2023,20.16847292
2023,4.681508207
2023,33.56579572
2023,6.717017142
2023,0.179528734
2023,2.835354359
2023,17.16031919
2023,1.889175113
2023,14.68311538
2023,1.400238464
2023,53.22850208
2023,161.5430101
2023,3.81916434
2023,3.771172035
2023,88.67993693
2023,6.099803905
2023,3.766897542
2023,49.06021561
2023,5.92E-05
2023,12.58857981
2023,701.1358008
2023,24.75541829
2023,42.48477686
2023,0.582208636
2023,47.01213065
2023,0.707972011
2023,333.8064335
2023,78.00701657
2023,113.5652906
2023,31.45458464
2023,102.4690054
2023,312.1642821
2023,136.0641207
2023,12.70741692
2023,756.0364878
2023,363.3399259
2023,5.766270446
2023,16.73064089
2023,23.29262431
2023,17.7164229
2023,19.22441773
2023,6.924785207
2023,0.477584103
2024,1.804789902
2024,2.742624966
2024,137.3261736
2024,40.89326745
2024,85.88274901
2024,56.01932641
2024,6.885579526
2024,4.504580874
2024,7.100379464
2024,44.12567994
2024,233.2877457
2024,89.36114262
2024,16.00715833
2024,3.994969378
2024,9.674908138
2024,158.1803575
2024,44.2641327
2024,3.7792409
2024,29.10050244
2024,8.22305662
2024,37.71237357
2024,3.0437279
2024,989.4402391
2024,815.1291237
2024,302.1377097
2024,162.1931087
2024,91.39453302
2024,67.43471041
2024,92.54620951
2024,6.388610982
2024,18.06847924
2024,19.85609242
2024,46.30155023
2024,53.9490198
2024,0.072
2024,3.259729026
2024,45.70827
2024,0.028
2024,3.170367852
2024,25.68887249
2024,45.68961022
2024,0.54896
2024,0.092498
2024,40.65379292
2024,1.111907336
2024,6.216077996
2024,1.3234
2024,4.155615968
2024,0.1546
2024,4.029248144
2024,6.398088932
2024,14.31277946
2024,8.988028126
2024,10.63806386
2024,6.141074916
2024,14.5436304
2024,7.315009376
1995,2.784463526
1996,1.031495522
1996,0.526282176
1996,0.18226906
1996,0.0254896
1996,6.952350692
1996,25.26154445
1997,0.599007176
1997,0.484507036
1997,12.27000097
1997,8.612972388
1998,0.014973107
1998,0.130794018
1998,1.461932085
1998,6.401332075
1998,17.18777835
1998,2.12046793
1998,0.09604935
1998,1.200095299
1998,2.330364245
1998,0.768683667
1998,0.092037263
1998,18.20789145
1998,1.717173
1998,3.152074856
1998,10.79818724
1998,8.326079194
1998,2.631076544
1998,0.481450374
1998,3.984322811
1998,0.030411615
1999,0.057917681
1999,0.047216955
1999,8.533898785
1999,0.803945567
1999,43.10306127
1999,0.402811453
1999,1.541840902
1999,0.158821517
1999,7.971639822
1999,1.086591877
1999,6.927105812
1999,0.642043578
1999,0.211874381
1999,0.131886452
2000,6.193945692
2000,2.48039314
2000,13.00601386
2000,0.756193058
2000,2.834840821
2000,0.162072693
2000,0.040593088
2000,2.256897272
2000,9.43955948
2000,0.609066866
2000,47.40625661
2000,2.198190535
2000,0.004990694
2000,1.738398649
2000,0.651701547
2000,0.078725547
2000,1.096320359
2000,0.004872535
2001,3.13206892
2001,0.14443667
2001,0.386194306
2001,0.250915957
2001,0.584311984
2001,15.51379272
2001,0.953894418
2001,0.023348204
2001,8.249110366
2001,0.165511845
2001,0.134395618
2001,47.86511201
2001,3.254293901
2001,0.038211168
2001,4.051044752
2001,6.152075287
2001,0.049763895
2001,2.514786976
2001,2.518258311
2001,1.970756162
2001,0.875116296
2001,0.49146977
2002,0.450405636
2002,1.096032533
2002,0.438185328
2002,0.889551131
2002,0.427274339
2002,0.488046367
2002,0.163664839
2002,9.044001668
2002,4.154446442
2002,0.652040717
2002,1.341615237
2002,0.42064744
2002,0.047135474
2002,0.083796397
2002,17.07655359
2002,0.25273958
2002,0.725895021
2002,6.187359263
2002,62.14381454
2002,19.53390913
2002,12.70039148
2002,10.81238009
2002,13.54071223
2002,11.7829955
2002,12.12933125
2002,18.5849062
2002,0.061537979
2002,3.814481839
2002,0.306642442
2002,5.617402878
2002,7.362627304
2002,0.067648133
2002,1.324070367
2003,1.299893859
2003,5.710449186
2003,0.623410244
2003,5.355517333
2003,0.113089375
2003,4.379679902
2003,1.290110615
2003,2.041161877
2003,0.884042746
2003,2.576783961
2003,0.252567535
2003,17.62803123
2003,24.49807454
2003,0.836618169
2003,2.608034325
2003,2.79535289
2003,4.277362797
2003,1.635068066
2003,14.97724872
2003,33.9778542
2003,1.436205873
2003,12.33604029
2003,0.175349331
2003,2.242128586
2003,1.610574286
2003,0.228043305
2003,0.826160442
2003,0.649351893
2003,5.615845506
2003,9.852719226
2003,3.063562784
2003,0.734472928
2003,1.65721891
2004,1.782775706
2004,2.111352981
2004,0.62678808
2004,1.350311624
2004,4.339962864
2004,14.87360157
2004,0.58283608
2004,1.223556705
2004,166.7797157
2004,0.10562187
2004,0.097958681
2004,0.023857096
2004,32.22187221
2004,0.006506481
2004,0.401131763
2004,5.148072102
2004,0.91560642
2004,0.146034344
2004,52.5328045
2004,3.050628532
2004,0.494731103
2004,2.852874895
2004,3.740503449
2004,14.85103492
2004,16.28256188
2004,0.022483505
2004,1.924327808
2004,5.667867614
2004,0.247138429
2005,1.426822981
2005,9.473681789
2005,17.99371761
2005,8.086232495
2005,1.461547244
2005,1.115710865
2005,0.247083631
2005,0.528505859
2005,11.47089258
2005,0.09880917
2005,5.772483836
2005,3.836166923
2005,1.375627904
2005,13.61666065
2005,0.005624302
2005,1.453391113
2005,0.405905356
2005,0.137495799
2005,0.321388698
2005,0.731716362
2005,0.045351516
2005,11.05128535
2005,2.771484727
2005,0.031067574
2005,6.02237569
2005,2.997925205
2005,0.034924239
2005,0.06427774
2005,0.231399863
2005,0.113128822
2005,0.007141971
2006,0.650320199
2006,0.06695181
2006,0.179971694
2006,1.252336009
2006,0.079922433
2006,0.790932761
2006,0.270422006
2006,1.707099123
2006,0.903815026
2006,0.842918467
2006,0.469970052
2006,0.04816677
2006,0.392387148
2006,5.203523618
2006,0.016239082
2006,5.268323681
2006,6.598888716
2006,0.256178404
2006,4.5675309
2006,2.758741405
2006,0.674754513
2006,0.029588158
2006,0.04617358
2006,0.674444869
2006,0.268701764
2006,0.022431953
2006,1.134671472
2006,0.182689676
2006,0.190602788
2006,2.800089825
2006,0.400816332
2006,2.438935386
2007,0.3679889
2007,0.016071612
2007,6.130624928
2007,0.293944687
2007,0.676978402
2007,0.136481152
2007,0.339927355
2007,0.13584339
2007,0.136481152
2007,0.09649345
2007,0.371222356
2007,0.04785769
2007,0.973863173
2007,0.059949665
2007,0.073342675
2007,2.428057093
2007,0.410402013
2007,13.05034242
2007,0.047194417
2007,0.307401473
2007,3.983480384
2007,87.17476502
2007,37.27829732
2007,5.610905977
2007,6.826648191
2007,24.19431356
2007,0.257018244
2007,0.695862546
2007,0.317988329
2007,0.703451919
2007,0.017218906
2008,19.01802644
2008,0.275311368
2008,0.075996343
2008,1.697933685
2008,0.548927433
2008,0.022980125
2008,0.216878949
2008,2.333964619
2008,22.74157835
2008,0.775472532
2008,9.246007414
2008,52.20234416
2008,0.103588862
2008,0.078282079
2008,0.771765665
2008,0.035659823
2008,0.439486853
2008,0.78393151
2008,28.31016247
2008,0.195509362
2008,0.235062536
2008,4.419128902
2008,62.22170557
2008,13.26050256
2008,5.375364583
2008,0.193498382
2008,4.209028242
2008,0.141353198
2008,0.199344254
2008,5.576231687
2008,2.160303621
2008,5.411944546
2008,11.54033702
2008,0.840636474
2008,0.195252143
2008,1.170928273
2008,4.847982113
2008,0.136872337
2008,0.004092111
2008,0.030136642
2009,9.124548142
2009,18.20226962
2009,1.050917789
2009,0.163441703
2009,6.66012425
2009,0.200930552
2009,6.28451222
2009,0.978854414
2009,2.950506211
2009,1.752923352
2009,1.891285506
2009,1.575181657
2009,0.023722615
2009,0.066541936
2009,4.761585554
2009,0.975592555
2009,0.052776888
2009,1.034217068
2009,14.19241045
2009,0.511548546
2009,39.64250839
2009,0.801174991
2009,1.187072554
2009,29.25319851
2009,19.5319916
2009,31.59849928
2009,0.325296363
2009,8.16720836
2009,2.390527945
2009,37.80048053
2009,106.1182209
2009,86.04993452
2009,81.75391868
2009,14.33653483
2009,0.002668794
2009,0.292394281
2009,6.7453003
2010,4.685328329
2010,1.203809738
2010,0.537030551
2010,8.583094619
2010,0.590827388
2010,0.166782984
2010,0.834565
2010,0.488892613
2010,31.01096196
2010,0.849953794
2010,1.737766793
2010,1.357975834
2010,0.505943913
2010,0.155593071
2010,0.507862179
2010,1.001510504
2010,0.829785842
2010,0.340066774
2010,0.073533712
2010,1.545273653
2010,0.031257156
2010,1.564189401
2010,0.141850798
2010,5.420529036
2010,4.121335417
2010,17.82315969
2010,1.62328334
2010,3.047253544
2010,3.707580403
2010,0.651381867
2011,3.874806685
2011,0.024359635
2011,0.155800195
2011,0.345094895
2011,1.182684359
2011,0.434413569
2011,2.062779363
2011,16.13127616
2011,1.138407161
2011,0.341166904
2011,2.59536228
2011,0.363110879
2011,0.37046952
2011,2.486713217
2011,3.459023175
2011,0.013702297
2011,1.653874894
2011,5.072778235
2011,0.673442539
2011,26.60996997
2011,13.93606257
2011,0.013702297
2011,0.019792207
2011,2.614855072
2011,0.628529453
2011,1.530851101
2011,0.803360612
2011,30.80372103
2011,0.230909079
2011,0.034976378
2011,0.332407583
2011,3.614874095
2011,3.357062838
2011,18.11717752
2011,44.86322453
2012,7.849982056
2012,1.052574593
2012,0.809909671
2012,1.838014951
2012,8.441488606
2012,1.650448224
2012,5.263342444
2012,1.298112734
2012,0.016901287
2012,0.130046009
2012,0.136571788
2012,1.35956002
2012,3.365313835
2012,0.013145445
2012,1.124048262
2012,6.838279479
2012,8.966135544
2012,6.245176231
2012,9.4732428
2012,7.065625948
2012,0.015962327
2012,4.731748383
2012,0.022133644
2013,0.968856256
2013,0.12776982
2013,1.116767938
2013,2.13491664
2013,0.398069418
2013,2.187565961
2013,0.465839052
2013,0.535536975
2013,0.418231822
2013,2.58344408
2013,0.920008915
2013,0.004373637
2013,1.12303253
2013,5.620503416
2013,3.093329389
2013,2.747984098
2013,0.000188249
2013,1.382873271
2013,0.422681092
2013,0.034036951
2013,0.003735455
2013,36.37683061
2013,33.89033868
2013,6.700596277
2013,2.345657592
2013,5.18674206
2013,0.756376691
2013,1.170262012
2013,2.229109666
2013,64.99999442
2013,30.75973698
2013,2.848872789
2013,7.887700831
2013,5.052618026
2013,10.69274834
2013,8.99865799
2014,0.002143535
2014,0.035582676
2014,0.083169146
2014,5.247967602
2014,1.91811012
2014,0.02305318
2014,10.70025129
2014,0.235385831
2014,0.712708136
2014,0.002572242
2014,1.922872317
2014,4.572652409
2014,0.889566896
2014,0.007288018
2014,5.265378609
2014,0.147861023
2014,28.52862286
2014,0.002572242
2014,0.854520104
2014,2.532413586
2014,0.456997309
2014,0.000685931
2014,6.751548946
2014,13.05901315
2014,4.608385227
2014,13.05217135
2014,24.82742115
2014,46.14704918
2014,15.65292443
2014,30.65889687
2014,3.475128073
2014,16.23622538
2014,14.44227728
2014,0.0216497
2014,0.854734457
2014,0.033439141
2014,0.559891261
2014,30.66685071
2015,0.193339488
2015,0.7879862
2015,0.546624964
2015,0.179986193
2015,1.013337735
2015,1.372665711
2015,0.097106773
2015,0.019343514
2015,0.069707753
2015,0.445384134
2015,0.008519836
2015,0.012331689
2015,0.259856949
2015,17.78217674
2015,0.742387571
2015,0.000774531
2015,0.009875265
2015,0.388039826
2015,1.92141177
2015,1.066323372
2015,0.309208877
2015,0.084519876
2015,75.47130577
2015,6.641193237
2015,1.054363458
2015,96.33649704
2015,5.482541671
2015,24.98139326
2015,78.04262817
2015,53.98149
2015,10.73476472
2015,0.187415103
2015,2.362935601
2015,2.808039356
2015,38.02221903
2015,12.23311886
2015,9.755885852
2015,10.39736835
2015,0.036790203
2015,0.066778478
2016,0.047259821
2016,22.33593726
2016,0.269684482
2016,1.405882839
2016,3.442447987
2016,1.629530186
2016,0.019503709
2016,0.109286168
2016,14.07193829
2016,1.690947719
2016,231.8436197
2016,8.859739725
2016,20.34834492
2016,0.019872249
2016,0.044441575
2016,0.9394154
2016,0.194603513
2016,0.101167812
2016,56.09931548
2016,537.7505263
2016,2.592165405
2016,14.91528149
2016,11.50610226
2016,0.205948761
2016,19.09362595
2016,3.378719492
2016,0.523280753
2017,4.997835229
2017,0.000720222
2017,0.197507701
2017,0.136715168
2017,0.045217961
2017,0.345234826
2017,0.485444068
2017,10.57887131
2017,0.006530979
2017,0.000362832
2017,2.417848023
2017,0.027470388
2017,3.584713435
2017,0.567409311
2017,19.16524604
2017,0.071115109
2017,0.094494201
2017,0.037734547
2017,0.087805389
2017,0.076887406
2017,3.187763049
2017,0.027212414
2017,0.475876184
2017,0.279994696
2017,92.37569383
2017,1.69017247
2017,9.007381253
2017,62.73361406
2017,7.526863743
2017,0.6216877
2017,0.055509958
2017,2.551968579
2017,5.862673773
2017,0.761947593
2017,0.060592975
2017,1.309820568
2017,0.001814161
2017,0.025358816
2018,0.431268116
2018,1.030786695
2018,0.297339815
2018,0.067756185
2018,20.98722535
2018,0.11437244
2018,0.10418191
2018,0.637576958
2018,0.539534029
2018,0.050817139
2018,0.071143994
2018,0.210576736
2018,0.190264137
2018,20.76725038
2018,2.81105504
2018,0.381128539
2018,4.076406969
2018,0.050817139
2018,3.360323827
2018,1.914681377
2018,1.071652883
2018,0.830405564
2018,0.593660366
2018,10.52584489
2018,0.103582267
2018,67.49767174
2018,0.092499019
2018,2.436044207
2018,1.320891281
2018,1.745700715
2018,1.581812174
2018,2.806715934
2019,0.011167295
2019,24.00403253
2019,0.108244117
2019,0.003145717
2019,0.678779999
2019,0.005965223
2019,0.499622886
2019,1.349741167
2019,0.004089747
2019,0.062914337
2019,0.333445988
2019,0.434108928
2019,3.97500522
2019,2.789950368
2019,0.002736774
2019,0.000786429
2019,6.29E-07
2019,0.00188743
2019,7.86E-05
2019,0.049949423
2019,1.584256332
2019,0.175799947
2019,0.052313272
2019,3.073862451
2019,0.063921439
2019,18.87098594
2019,0.3368036
2019,5.709359769
2019,21.36509348
2019,19.60729033
2019,2.45E-05
2019,1.20375242
2019,0.009437151
2019,1.278870283
2019,0.44660788
2019,0.06810477
2019,0.016357728
2020,0.002555764
2020,0.011756514
2020,0.092022326
2020,0.042170105
2020,0.002555764
2020,0.290206997
2020,4.319966086
2020,0.211513215
2020,0.004855952
2020,6.966013239
2020,0.057286496
2020,0.001533458
2020,0.746961219
2020,32.29161447
2020,0.016229101
2020,133.1390175
2020,117.766841
2020,8.169277646
2020,0.072257197
2020,16.42350651
2020,0.925150848
2020,3.108327279
2020,25.21058106
2020,3.929966597
2020,0.900538294
2020,1.126580752
2020,0.58145303
2020,0.011756517
2020,2.75932784
2020,6.427027427
2020,0.274755513
2020,0.311803203
2020,0.060463694
2020,0.01277882
2020,0.224907228
2020,8.912337594
2020,0.074756096
2020,0.811229765
2020,0.021315071
2020,3.076008854
2020,3.455664924
2020,0.167228346
2021,2.761090566
2021,0.028045811
2021,0.039123208
2021,1.291366333
2021,0.100338845
2021,0.017366044
2021,0.151950989
2021,0.123568715
2021,0.043632075
2021,0.495366819
2021,2.752367896
2021,11.62941308
2021,0.023443867
2021,0.085602966
2021,0.116264861
2021,0.41655098
2021,0.983161108
2021,2.595881198
2021,13.54418022
2021,4.357943509
2021,2.980400248
2021,1.071546763
2021,0.046236515
2021,1.635761971
2021,0.058166839
2021,0.608771742
2021,11.16154112
2021,7.220602821
2021,28.15088302
2021,3.482713736
2021,1.718407873
2021,7.911257686
2021,13.74947958
2021,12.25854552
2021,59.49800744
2021,1.646725428
2021,0.004341457
2021,0.002216097
2021,0.385568122
2021,3.119891115
2021,10.79217865
2021,0.053508455
2021,1.311345717
2021,26.8978469
2022,0.209883235
2022,0.67159086
2022,0.488546116
2022,0.253099487
2022,0.060394909
2022,0.251115835
2022,2.840663714
2022,14.24894464
2022,0.035135549
2022,0.200062643
2022,2.063856051
2022,0.073329958
2022,0.56703927
2022,0.007647149
2022,0.116063879
2022,0.258349625
2022,87.22844692
2022,0.041691791
2022,0.002066797
2022,31.05143914
2022,0.138475399
2022,2.256472109
2022,0.138475399
2022,0.24801564
2022,2.452078477
2022,5.58E-05
2022,0.139933762
2022,0.010850684
2022,0.005373672
2022,6.128557822
2022,9.960236404
2022,0.652388607
2022,0.194898957
2022,0.025369354
2022,3.228336914
2022,9.413509435
2022,1.439597068
2022,9.219831186
2022,1.630955414
2022,2.459346093
2022,43.256322
2022,0.000620039
2022,1.172184582
2022,0.667800633
2022,0.533683789
2022,4.655574548
2022,2.552410114
2022,0.02066797
2022,4.666911878
2023,0.01298373
2023,1.495118352
2023,0.075444813
2023,0.36475375
2023,2.402992464
2023,1.413445003
2023,5.13933962
2023,0.09083299
2023,5.617486356
2023,0.782845559
2023,0.541314739
2023,0.102524105
2023,2.081523887
2023,0.340356558
2023,0.087705908
2023,0.020059771
2023,0.024578339
2023,84.13512594
2023,5.002231859
2023,3.190331961
2023,5.454095193
2023,1.691715759
2023,1.941165087
2023,1.277424139
2023,0.449297479
2023,6.295782928
2023,0.474751911
2023,24.67036808
2023,15.1857376
2023,14.35396933
2023,8.692776683
2023,1.448906124
2023,5.097812342
2023,0.230966728
2023,58.18742449
2023,45.40088046
2023,0.037600584
2023,0.979069493
2023,0.125511957
2023,0.148538655
2023,6.832780646
2023,19.54882104
2024,0.3530444
2024,0.440499
2024,24.14976099
2024,7.4170877
2024,0.0804192
2024,1.99223366
2024,0.525292
2024,0.850439776
2024,0.129
2024,0.022
2024,30.60775262
2024,0.0042
2024,1.70624
2024,0.229059794
2024,0.044294
2024,0.00856
2024,5.289575014
2024,0.775551298
2024,0.790548888
2024,0.0006
2024,0.009759
2024,0.077
2024,0.1
2024,0.00550828
2024,0.31
2024,0.18037557
2024,0.86718772
2024,0.521641112
2024,1.723320204
2024,2.33434599
2024,2.60616456
2024,0.810161054
2024,1.352483454
2024,18.66466666
2024,0.0539135
2024,0.68774
2024,3.596376742
2024,0.3199
2024,0.1274
2024,1.6531534
2024,1.300544446
1997,2.839979525
1998,0.288870224
2000,86.60930835
2000,2.273061907
2001,7.683045511
2001,3.305218585
2001,0.391711367
2001,7.902624559
2001,0.391711367
2002,0.305158547
2002,0.320346644
2002,6.257659203
2002,3.491516558
2002,0.433820932
2002,2.247663784
2002,6.251549049
2002,0.006110154
2002,0.549913858
2003,1.347242232
2003,2.432029561
2003,0.882534887
2003,5.806054701
2003,0.409391643
2003,0.0932278
2003,5.005106298
2003,0.891744172
2004,2.173887489
2004,0.166276728
2004,0.083138364
2004,1.28069228
2004,0.274718073
2004,5.221079876
2004,0.4435251
2004,0.683180471
2005,3.606767526
2005,4.150399366
2005,0.02214011
2005,16.1243781
2005,0.176406686
2005,0.028567884
2005,0.058349904
2005,0.022068691
2006,0.037845319
2006,4.281122343
2006,9.61362618
2006,0.091516862
2006,1.276557013
2006,11.69764404
2006,20.60574402
2006,15.63286911
2006,3.999218067
2006,0.22163595
2006,0.066745381
2006,1.236440975
2006,0.704555981
2006,6.664987286
2006,1.006685484
2006,24.05792521
2006,0.478536856
2006,0.225626911
2007,0.019132872
2007,0.394392264
2007,0.011479723
2007,1.272335973
2007,1.940200751
2007,1.524252118
2007,0.305488186
2007,0.048469942
2007,0.373416258
2007,0.166455984
2007,0.998098144
2007,0.339544698
2007,0.435591714
2007,1.36363166
2007,0.127552479
2007,2.80424124
2007,0.603323223
2007,0.373416258
2007,1.01024114
2008,0.21331589
2008,0.785188373
2008,0.011107158
2008,0.593414523
2008,0.117852791
2008,1.771124219
2008,53.94334673
2008,0.134455069
2008,7.225498482
2008,0.170150551
2008,7.238943989
2008,1.206588096
2009,0.235921409
2009,0.930134093
2009,0.455770747
2009,0.053138658
2009,2.400254218
2009,1.694174295
2009,0.361360668
2009,0.630428502
2009,0.083029154
2009,1.474360542
2009,7.668157481
2009,0.975592555
2009,1.635829709
2009,0.296532691
2009,4.892196343
2009,0.975592555
2009,35.86325676
2009,0.011938406
2010,0.129749702
2010,0.937927822
2010,0.223798253
2010,0.877555579
2010,0.520064512
2010,0.078862242
2010,1.325738223
2010,0.438005158
2010,2.108392686
2010,0.897324425
2010,7.238807783
2010,5.435100434
2010,0.065008064
2010,6.287665208
2011,0.015224775
2011,3.141936775
2011,0.304495491
2011,0.442025962
2011,4.088359526
2011,11.26633335
2011,11.93520846
2011,0.190309685
2011,2.627192214
2011,14.92760242
2011,0.089318679
2012,0.537554821
2012,0.52938587
2012,11.70095391
2012,4.788697969
2012,5.53864563
2013,0.444927465
2013,38.77470106
2013,2.476976595
2013,0.317180955
2013,2.983039478
2013,4.21527574
2013,27.72263326
2013,2.517632554
2013,2.968556048
2013,3.756077662
2013,1.444067704
2013,4.522760653
2013,9.343476771
2013,2.965441561
2013,0.001334782
2013,4.481171823
2013,3.381407918
2013,0.134813022
2013,4.508560833
2013,4.395883357
2013,6.596049673
2013,0.542811517
2013,0.315610383
2014,12.99373447
2014,1.500474282
2014,0.180914328
2014,0.128612081
2014,1.331512304
2014,5.360980256
2014,0.218900335
2014,0.085741388
2014,0.042870694
2014,0.353340258
2014,2.822006288
2014,0.408806362
2014,7.631562245
2014,10.07461304
2014,0.368687966
2014,1.114638038
2014,3.884895875
2014,5.725381153
2014,2.44577308
2015,0.116179589
2015,4.938852399
2015,4.308134712
2015,1.880576926
2015,0.929436708
2015,1.813648576
2015,5.755730449
2015,0.836493038
2015,0.011617959
2015,0.157420086
2015,0.077453059
2015,1.742693828
2015,7.481523633
2016,7.411504427
2016,6.782795973
2016,0.014452545
2016,0.105864889
2016,1.535582865
2016,0.018065681
2016,0.161960996
2016,0.650364507
2016,0.001156204
2016,0.870765813
2016,0.325182254
2016,0.345886246
2016,0.760165186
2017,0.118657736
2017,0.92587699
2017,2.374736666
2017,18.35392352
2017,8.157439234
2017,1.527266986
2017,1.097410699
2017,2.666816576
2017,0.003628322
2017,8.799737834
2017,4.736045587
2017,0.997173514
2017,0.003628322
2017,7.310080944
2017,9.660130871
2017,3.222316646
2017,7.811089425
2017,0.729089873
2017,0.126991266
2017,2.481046497
2017,0.292079911
2017,1.879491049
2017,0.224955956
2017,0.486621332
2018,5.917970994
2018,0.044205724
2018,4.743542735
2018,0.017616608
2018,3.038535894
2018,2.028457654
2018,8.880202356
2018,1.412716451
2018,0.004065371
2018,1.126225963
2018,0.005081714
2018,0.602388603
2018,0.638661568
2018,4.327173866
2018,0.152451416
2018,0.508171385
2018,3.39E-07
2018,0.662172385
2018,2.67260049
2018,2.285231339
2018,0.982464678
2018,0.010163428
2018,0.033878092
2018,0.458869895
2018,3.530408021
2018,0.380297387
2018,4.837994857
2018,1.20207658
2019,0.059768621
2019,0.718922133
2019,1.680441951
2019,0.360184581
2019,0.309238376
2019,0.268832964
2019,5.053211262
2019,0.483489183
2019,132.1018348
2019,1.312078506
2019,0.835342982
2019,6.630129178
2019,0.126143246
2019,0.237535107
2019,0.694280191
2019,0.011010009
2019,9.878767856
2019,0.484997102
2019,0.350337859
2019,10.77125189
2019,1.159742102
2019,0.451130087
2019,1.69507961
2019,0.135056959
2019,11.13152223
2019,45.57490554
2019,2.71950497
2019,0.610269072
2019,2.926076688
2019,0.015728584
2019,0.72351488
2020,0.01277882
2020,0.05351003
2020,0.02555764
2020,0.02555764
2020,1.120672262
2020,1.132203432
2020,0.023640817
2020,19.89457778
2020,5.276898091
2020,0.191682297
2020,0.204461116
2020,0.010842829
2020,0.003323531
2020,1.71738833
2020,2.317228709
2020,0.7299406
2020,0.031691473
2020,0.117565142
2020,0.003833646
2020,0.534886144
2020,0.023001876
2020,1.533458373
2020,15.58664386
2021,0.181907041
2021,0.08096817
2021,5.322365582
2021,4.273915698
2021,0.017022852
2021,4.166930262
2021,6.641560654
2021,0.000434146
2021,0.131329069
2021,0.043414568
2021,0.005426821
2021,0.22955453
2021,0.280796879
2021,0.010853642
2021,0.347316546
2021,7.302655992
2021,0.017626315
2021,0.062951124
2021,0.004580237
2021,0.446258347
2021,3.925284775
2021,1.350193073
2021,18.98974578
2021,0.114571046
2021,0.000260487
2021,0.600488601
2021,0.233477809
2021,10.70861249
2021,5.402478594
2022,0.002273477
2022,0.02066797
2022,0.68204301
2022,0.021204717
2022,0.064690746
2022,0.004133594
2022,0.001240078
2022,0.015800663
2022,1.994459105
2022,0.007442743
2022,0.024801564
2022,3.729535186
2022,0.176711143
2022,0.048230944
2022,0.023809501
2022,1.718541705
2022,0.245170524
2022,0.129210477
2022,1.884604711
2022,0.007233789
2022,0.088892939
2022,1.245405665
2022,0.4133594
2022,0.739362206
2022,0.022734767
2022,0.089140955
2022,0.543567611
2022,0.196345715
2023,0.164263662
2023,0.025646962
2023,0.106862342
2023,1.406415321
2023,1.097476248
2023,2.992151977
2023,4.518094647
2023,0.396074583
2023,0.010686234
2023,0.019235221
2023,0.551409683
2023,0.316654563
2023,0.427449366
2023,0.00987408
2023,0.032058702
2023,0.641174477
2023,0.64117405
2023,2.110317522
2023,4.979394592
2023,0.352504669
2023,7.369356911
2023,0.068391899
2023,27.93401965
2023,7.946950543
2023,3.063155591
2023,0.142084169
2023,0.000641174
2023,0.156775818
2023,0.957311708
2024,0.02
2024,10.95856
2024,0.055599788
2024,6.504904404
2024,1.6499
2024,0.2464
2024,0.4997
2024,1.0052
2024,1.680571784
2024,3.74
2024,0.605
2024,5.4
2024,0.13676
2024,12.90764752
2024,0.018914742
2024,0.1164
2024,1.177976094
2024,3.4535
2024,1.76
2024,10.7413
2024,0.231
2024,0.506
2024,1.804
2024,0.129
2024,0.751
2024,2.0008
2024,0.252
2024,38.48339364
2024,23.58433659
