tail_loss,tail_aep,cause,database
900,0.039091,HU,WB
1000,0.037071,HU,WB
1100,0.035051,HU,WB
1200,0.03303,HU,WB
1300,0.03101,HU,WB
1400,0.02899,HU,WB
1500,0.02697,HU,WB
1600,0.024949,HU,WB
1700,0.022929,HU,WB
1800,0.020909,HU,WB
1900,0.019647,HU,WB
2000,0.018919,HU,WB
2100,0.018191,HU,WB
2200,0.017463,HU,WB
2300,0.016735,HU,WB
2400,0.016007,HU,WB
2500,0.015279,HU,WB
2600,0.014551,HU,WB
2700,0.013824,HU,WB
2800,0.013096,HU,WB
2900,0.012368,HU,WB
3000,0.01164,HU,WB
3100,0.010912,HU,WB
3200,0.010184,HU,WB
3300,0.0094559,HU,WB
3400,0.0087279,HU,WB
3500,0.008,HU,WB
3600,0.0077412,HU,WB
3700,0.0074824,HU,WB
3800,0.0072235,HU,WB
3900,0.0069647,HU,WB
4000,0.0067059,HU,WB
4100,0.0064471,HU,WB
4200,0.0061882,HU,WB
4300,0.0059294,HU,WB
4400,0.0056706,HU,WB
4500,0.0054118,HU,WB
4600,0.0052418,HU,WB
4700,0.0050719,HU,WB
4800,0.004902,HU,WB
4900,0.004732,HU,WB
5000,0.0045621,HU,WB
5100,0.0043922,HU,WB
5200,0.0042222,HU,WB
5300,0.0040523,HU,WB
5400,0.0038824,HU,WB
5500,0.0028235,HU,WB
5600,0.0027647,HU,WB
5700,0.0027059,HU,WB
5800,0.0026471,HU,WB
5900,0.0025882,HU,WB
6000,0.0025294,HU,WB
6100,0.0024706,HU,WB
6200,0.0024118,HU,WB
6300,0.0023529,HU,WB
6400,0.0022941,HU,WB
6500,0.0022353,HU,WB
6600,0.0021765,HU,WB
6700,0.0021176,HU,WB
6800,0.0020588,HU,WB
6900,0.002,HU,WB
7000,0.0019615,HU,WB
7100,0.0019231,HU,WB
7200,0.0018846,HU,WB
7300,0.0018462,HU,WB
7400,0.0018077,HU,WB
7500,0.0017692,HU,WB
7600,0.0017308,HU,WB
7700,0.0016923,HU,WB
7800,0.0016538,HU,WB
7900,0.0016154,HU,WB
8000,0.0015769,HU,WB
8100,0.0015385,HU,WB
8200,0.0015,HU,WB
8300,0.0014615,HU,WB
8400,0.0014231,HU,WB
8500,0.0013846,HU,WB
8600,0.0013462,HU,WB
8700,0.0013077,HU,WB
8800,0.0012692,HU,WB
8900,0.0012308,HU,WB
9000,0.0011923,HU,WB
9100,0.0011538,HU,WB
9200,0.0011154,HU,WB
9300,0.0010769,HU,WB
9400,0.0010385,HU,WB
9500,0.001,HU,WB
