start_date,end_date,year,cause,total_events,econ_loss
,,1985,Geophysical,,11968.2
,,1987,Meteorological,,1.592
,,1988,Meteorological,,663.143
,,1988,Meteorological,,201.596
,,1989,Climatological,,210.532
,,1990,Meteorological,,217.756
,,1990,Hydrological,,105.637
,,1991,Hydrological,,4.607
,,1992,Meteorological,,174.375
,,1992,Meteorological,,6.707
,,1993,Hydrological,,207.16
,,1993,Meteorological,,5.429
,,1993,Meteorological,,3626.378
,,1995,Geophysical,,43.435
,,1995,Meteorological,,1646.841
,,1995,Meteorological,,256.701
,,1995,Meteorological,,3087.827
,,1995,Climatological,,205.855
,,1996,Meteorological,,0.02
,,1996,Climatological,,2399.915
,,1997,Meteorological,,875.111
,,1997,Meteorological,,7.817
,,1998,Climatological,,15.395
,,1998,Hydrological,,1159.82
,,1998,Meteorological,,1.924
,,1999,Geophysical,,427.103
,,1999,Geophysical,,310.346
,,1999,Hydrological,,849.874
,,1999,Climatological,,188.317
,,2024,Meteorological,,140.0
,,2024,Meteorological,,2450.0
2000-01-01,2000-01-01,2000,Climatological,8.0,8.99965352575071
2000-05-01,2000-05-15,2000,Climatological,5.0,48.460265613463505
2000-06-01,2000-06-01,2000,Climatological,6.0,59.45697373629285
2000-12-01,2000-12-07,2000,Climatological,3.0,4.602511511114109
2001-02-01,2001-02-01,2001,Climatological,1.0,8.40059847684227
2001-04-24,2001-04-24,2001,Climatological,1.0,35.25217284074442
2001-07-06,2001-07-06,2001,Climatological,1.0,0.9102228597932933
2001-10-10,2001-10-10,2001,Climatological,1.0,1.0808896460045359
2002-01-01,2002-01-01,2002,Climatological,3.0,8.470434952021918
2002-04-02,2002-04-11,2002,Climatological,4.0,25.674990037941065
2002-04-24,2002-05-04,2002,Climatological,5.0,33.68307289023641
2002-06-01,2002-06-07,2002,Climatological,5.0,34.586104335014866
2002-06-19,2002-06-19,2002,Climatological,1.0,0.001806062889556912
2002-08-28,2002-08-28,2002,Climatological,1.0,1.625456600601221
2003-01-01,2003-01-01,2003,Climatological,5.0,31.199215678705286
2003-02-05,2003-02-14,2003,Climatological,6.0,0.38864774912771455
2003-02-23,2003-03-08,2003,Climatological,11.0,9.124924419739518
2003-03-17,2003-03-21,2003,Climatological,5.0,14.03367667366736
2003-04-06,2003-04-14,2003,Climatological,4.0,0.25011592639065
2003-04-24,2003-05-07,2003,Climatological,7.0,113.30954793061969
2003-05-14,2003-05-19,2003,Climatological,4.0,9.332445564353057
2003-05-31,2003-06-14,2003,Climatological,5.0,5.0675146223698055
2003-07-02,2003-07-02,2003,Climatological,1.0,8.786062779182455
2003-08-10,2003-08-10,2003,Climatological,1.0,0.11853835373964455
2003-10-26,2003-10-26,2003,Climatological,1.0,1.5014858140354976
2003-12-02,2003-12-02,2003,Climatological,1.0,0.05326323361368029
2004-01-01,2004-01-01,2004,Climatological,2.0,0.04613220385145054
2004-01-18,2004-02-01,2004,Climatological,4.0,0.03664088918344875
2004-02-05,2004-02-20,2004,Climatological,10.0,1.3738126161312354
2004-02-22,2004-03-06,2004,Climatological,15.0,17.551574527533536
2004-03-10,2004-03-21,2004,Climatological,7.0,0.2249956608895307
2004-03-27,2004-04-08,2004,Climatological,7.0,0.19880257544915367
2004-04-12,2004-04-22,2004,Climatological,14.0,1.687393880588783
2004-04-28,2004-05-13,2004,Climatological,10.0,6.934987250753305
2004-05-15,2004-05-16,2004,Climatological,2.0,0.25604476778795515
2004-06-01,2004-06-07,2004,Climatological,3.0,20.091420902257735
2004-06-20,2004-06-20,2004,Climatological,1.0,0.08829129923722591
2004-07-28,2004-07-28,2004,Climatological,1.0,1.1772173231630123
2004-09-13,2004-09-13,2004,Climatological,1.0,0.004856021458047425
2005-01-01,2005-01-13,2005,Climatological,17.0,114.76650296115739
2005-01-18,2005-01-19,2005,Climatological,2.0,0.017392213895096095
2005-02-10,2005-02-25,2005,Climatological,8.0,0.33855860438165875
2005-03-01,2005-03-16,2005,Climatological,11.0,4.966803591838543
2005-03-17,2005-03-31,2005,Climatological,13.0,1.6092219602259248
2005-04-04,2005-04-14,2005,Climatological,12.0,4.316069487204229
2005-04-21,2005-05-03,2005,Climatological,14.0,74.13718586488908
2005-05-19,2005-06-03,2005,Climatological,4.0,0.3167446411911992
2005-06-06,2005-06-12,2005,Climatological,5.0,1.3564452921743166
2005-06-27,2005-06-27,2005,Climatological,1.0,0.29109849527809145
2005-08-25,2005-08-25,2005,Climatological,1.0,0.11054373238408535
2005-10-14,2005-10-14,2005,Climatological,1.0,0.02947832863575609
2005-11-21,2005-11-21,2005,Climatological,1.0,0.2947832863575609
2005-12-18,2006-01-01,2005,Climatological,39.0,45.57829988625094
2006-01-07,2006-01-18,2006,Climatological,2.0,9.274184168229402
2006-04-22,2006-05-06,2006,Climatological,2.0,1.572516121955425
2006-05-17,2006-05-17,2006,Climatological,1.0,0.016601037256150076
2006-06-27,2006-06-27,2006,Climatological,1.0,0.09322164849308356
2006-08-08,2006-08-08,2006,Climatological,1.0,1.2407861947967402
2006-11-09,2006-11-09,2006,Climatological,1.0,0.01997606753423219
2007-01-01,2007-01-01,2007,Climatological,34.0,21.362726013696374
2007-02-10,2007-02-10,2007,Climatological,1.0,0.09676978474223165
2007-05-01,2007-05-12,2007,Climatological,4.0,3.8007682750646303
2007-06-01,2007-06-01,2007,Climatological,3.0,9.758519823598236
2007-06-24,2007-07-09,2007,Climatological,3.0,0.8820032884016565
2007-07-23,2007-08-01,2007,Climatological,2.0,0.7626677312517228
2007-08-09,2007-08-09,2007,Climatological,1.0,0.021873570800103867
2008-01-01,2008-01-01,2008,Climatological,41.0,39.15645038410333
2008-05-08,2008-05-15,2008,Climatological,3.0,0.8722789152745019
2008-05-27,2008-06-01,2008,Climatological,3.0,2.0273592282492467
2008-07-01,2008-07-01,2008,Climatological,1.0,3.9721386072812255
2008-07-28,2008-08-01,2008,Climatological,2.0,0.836370614702559
2008-08-17,2008-09-01,2008,Climatological,4.0,13.075094793168427
2008-10-01,2008-10-01,2008,Climatological,1.0,0.08417378388695344
2009-01-01,2009-01-01,2009,Climatological,32.0,32.06463304553947
2009-02-02,2009-02-02,2009,Climatological,1.0,0.19779076240206797
2009-02-21,2009-03-02,2009,Climatological,2.0,0.2354908935630241
2009-03-12,2009-03-25,2009,Climatological,2.0,0.14560040208307853
2009-04-04,2009-04-04,2009,Climatological,1.0,0.43112846331093385
2009-05-01,2009-05-01,2009,Climatological,1.0,4.9078340696874205
2009-05-25,2009-06-01,2009,Climatological,8.0,102.76858519319367
2009-07-01,2009-07-01,2009,Climatological,13.0,225.7257219827425
2009-08-01,2009-08-01,2009,Climatological,1.0,0.6674230374127627
2009-12-20,2010-01-03,2009,Climatological,35.0,14.46394104190495
2010-01-09,2010-01-10,2010,Climatological,5.0,8.119754052876704
2010-02-05,2010-02-05,2010,Climatological,1.0,2.871927857974761
2010-05-30,2010-05-30,2010,Climatological,2.0,0.45183395215761646
2010-08-01,2010-08-01,2010,Climatological,1.0,315.3543698363425
2010-10-01,2010-10-01,2010,Climatological,1.0,11.301778224636445
2010-11-05,2010-11-06,2010,Climatological,4.0,61.577106440981375
2010-12-09,2010-12-09,2010,Climatological,1.0,0.7544209120337533
2011-01-01,2011-01-01,2011,Climatological,36.0,213.63741501639126
2011-02-01,2011-02-03,2011,Climatological,4.0,637.6273246750285
2011-03-01,2011-03-01,2011,Climatological,1.0,1.4380671359235293
2011-04-01,2011-04-01,2011,Climatological,4.0,10.814792389145328
2011-05-01,2011-05-01,2011,Climatological,16.0,117.80731064901761
2011-06-01,2011-06-03,2011,Climatological,9.0,421.9473175960161
2011-07-01,2011-07-01,2011,Climatological,2.0,192.5765081602256
2011-08-01,2011-08-01,2011,Climatological,4.0,62.95512407792097
2011-09-01,2011-09-10,2011,Climatological,7.0,98.44232396574269
2011-11-01,2011-11-01,2011,Climatological,2.0,11.750504826693179
2011-12-01,2011-12-01,2011,Climatological,1.0,6.430498317735954
2012-01-01,2012-01-01,2012,Climatological,33.0,37.858891030440915
2012-02-17,2012-03-01,2012,Climatological,2.0,1.641155738633631
2012-03-19,2012-04-01,2012,Climatological,2.0,0.4022226941451791
2012-05-01,2012-05-01,2012,Climatological,2.0,18.197334851985254
2012-06-01,2012-06-01,2012,Climatological,1.0,0.91887707042658
2012-08-01,2012-08-01,2012,Climatological,1.0,10.385375438408305
2012-09-01,2012-09-01,2012,Climatological,1.0,18.45960438275622
2013-01-01,2013-01-08,2013,Climatological,6.0,252.56394351665125
2013-03-01,2013-03-03,2013,Climatological,9.0,174.54973664294297
2013-04-01,2013-04-01,2013,Climatological,3.0,104.01351572558866
2013-05-24,2013-05-24,2013,Climatological,1.0,1.0711695538981563
2013-09-12,2013-09-12,2013,Climatological,1.0,67.56275445123579
2013-12-18,2014-01-01,2013,Climatological,63.0,450.29657329736443
2014-01-13,2014-01-15,2014,Climatological,13.0,19.42474980638432
2014-03-09,2014-03-09,2014,Climatological,1.0,0.18045241166974071
2014-04-08,2014-04-08,2014,Climatological,1.0,9.430192298405212
2014-05-19,2014-06-02,2014,Climatological,2.0,3.68599549238067
2014-11-26,2014-11-26,2014,Climatological,1.0,0.4485820860763579
2015-01-01,2015-01-09,2015,Climatological,50.0,33.25466697530306
2015-01-28,2015-02-11,2015,Climatological,3.0,1.0033710517565644
2015-03-11,2015-03-11,2015,Climatological,1.0,0.10797825800426449
2015-04-12,2015-04-12,2015,Climatological,1.0,0.8513830938541967
2015-05-23,2015-06-01,2015,Climatological,2.0,35.9211012022199
2015-06-20,2015-07-01,2015,Climatological,2.0,0.27324428475634444
2015-12-12,2015-12-26,2015,Climatological,5.0,13.802928363677383
2016-01-01,2016-01-15,2016,Climatological,35.0,20.357225628813527
2016-01-25,2016-01-25,2016,Climatological,23.0,14.00516751806374
2016-03-08,2016-03-09,2016,Climatological,4.0,4.764776806243509
2017-12-31,2018-01-01,2017,Climatological,109.0,93.3852337816984
2018-01-16,2018-01-16,2018,Climatological,1.0,0.12655577285100084
2018-05-22,2018-05-28,2018,Climatological,27.0,11.59646944778355
2018-07-23,2018-07-23,2018,Climatological,22.0,8.080022082227758
2018-10-14,2018-10-14,2018,Climatological,1.0,0.5258170105323687
2018-11-14,2018-11-14,2018,Climatological,2.0,1.285666578496353
2019-01-01,2019-01-01,2019,Climatological,31.0,125.0338166914678
2019-01-21,2019-01-21,2019,Climatological,1.0,0.6583455921490954
2019-02-20,2019-02-20,2019,Climatological,1.0,0.5653744082680965
2019-04-22,2019-05-01,2019,Climatological,4.0,8.699830365071941
2019-10-25,2019-10-25,2019,Climatological,1.0,6.175018349564201
2019-11-27,2019-11-27,2019,Climatological,1.0,30.73246925171318
2019-12-30,2020-01-03,2019,Climatological,35.0,32.81327682749847
2020-02-05,2020-02-05,2020,Climatological,1.0,0.10554057848393893
2020-05-01,2020-05-01,2020,Climatological,4.0,18.430080285311906
2020-12-30,2021-01-01,2020,Climatological,35.0,60.30759867186139
2021-02-02,2021-02-02,2021,Climatological,1.0,0.03609262740207782
2022-01-01,2022-01-01,2022,Climatological,33.0,55.3654439207494
2023-01-01,2023-01-01,2023,Climatological,34.0,96.53599399379353
2000-12-18,2000-12-18,2000,Geophysical,1.0,22.30936931716257
2001-10-07,2001-10-07,2001,Geophysical,1.0,5.546670551865382
2002-06-10,2002-06-10,2002,Geophysical,1.0,0.009030314447784562
2002-09-27,2002-09-27,2002,Geophysical,1.0,0.27090943343353685
2002-10-31,2002-10-31,2002,Geophysical,1.0,0.019505479207214654
2003-01-21,2003-01-21,2003,Geophysical,3.0,203.85435820452474
2003-04-11,2003-04-11,2003,Geophysical,1.0,0.08929889315053222
2003-04-15,2003-04-15,2003,Geophysical,1.0,0.004567677897434303
2003-04-19,2003-04-19,2003,Geophysical,1.0,0.004457042100610635
2003-05-28,2003-05-28,2003,Geophysical,1.0,0.004567677897434303
2003-06-04,2003-06-04,2003,Geophysical,1.0,0.004457042100610635
2003-06-10,2003-06-10,2003,Geophysical,1.0,0.0017385625215147868
2003-06-30,2003-06-30,2003,Geophysical,2.0,0.044696861916761976
2003-08-02,2003-08-02,2003,Geophysical,1.0,0.004457042100610635
2003-09-14,2003-09-14,2003,Geophysical,1.0,0.004457042100610635
2003-09-29,2003-09-29,2003,Geophysical,1.0,0.002686869351431943
2004-06-04,2004-06-04,2004,Geophysical,1.0,0.022072824809306477
2004-06-30,2004-06-30,2004,Geophysical,1.0,0.0382595630027979
2004-09-01,2004-09-01,2004,Geophysical,1.0,0.0014715216539537652
2004-09-15,2004-09-15,2004,Geophysical,1.0,0.0014715216539537652
2005-03-05,2005-03-05,2005,Geophysical,1.0,0.03743747736741023
2005-06-11,2005-06-11,2005,Geophysical,1.0,0.025351362626750237
2005-07-21,2005-07-21,2005,Geophysical,1.0,0.00619044901350878
2005-08-25,2005-08-25,2005,Geophysical,1.0,0.00619044901350878
2005-09-01,2005-09-04,2005,Geophysical,3.0,0.039648352015091946
2005-10-06,2005-10-06,2005,Geophysical,1.0,0.00619044901350878
2005-10-28,2005-10-28,2005,Geophysical,1.0,0.08799281097773193
2006-05-08,2006-05-08,2006,Geophysical,1.0,0.022842844521706335
2006-05-17,2006-05-17,2006,Geophysical,1.0,0.011906547171382906
2006-06-05,2006-06-05,2006,Geophysical,1.0,3.3778856336473244
2006-09-06,2006-09-06,2006,Geophysical,1.0,0.029766367928457268
2006-09-12,2006-09-12,2006,Geophysical,1.0,0.057224323650217845
2006-09-24,2006-09-24,2006,Geophysical,1.0,0.01027928003476785
2007-04-13,2007-04-13,2007,Geophysical,1.0,3.0784697415680355
2007-05-31,2007-05-31,2007,Geophysical,1.0,0.005676053182305434
2007-07-07,2007-07-07,2007,Geophysical,1.0,0.04817723188883637
2007-08-22,2007-08-22,2007,Geophysical,1.0,0.005537612860785789
2007-09-12,2007-09-12,2007,Geophysical,1.0,1.123443209131917
2007-10-18,2007-10-18,2007,Geophysical,1.0,0.0461006270660417
2007-10-25,2007-10-25,2007,Geophysical,1.0,0.005537612860785789
2007-11-04,2007-11-04,2007,Geophysical,1.0,140.647890886597
2008-02-12,2008-02-12,2008,Geophysical,2.0,1.3999892389640498
2008-05-12,2008-05-12,2008,Geophysical,1.0,0.04656027692479083
2008-05-18,2008-05-18,2008,Geophysical,2.0,0.011640069231197708
2008-08-01,2008-08-01,2008,Geophysical,1.0,0.011640069231197708
2008-09-03,2008-09-03,2008,Geophysical,1.0,0.03492020769359312
2008-09-08,2008-09-08,2008,Geophysical,1.0,8.731688272229674
2009-01-22,2009-01-22,2009,Geophysical,1.0,0.22403179701873885
2009-04-27,2009-04-27,2009,Geophysical,1.0,2.8694808637324085
2009-06-01,2009-06-01,2009,Geophysical,1.0,0.11983004023251764
2009-08-13,2009-08-13,2009,Geophysical,1.0,0.05691926911044588
2009-08-20,2009-08-20,2009,Geophysical,1.0,0.19664978669663594
2009-08-30,2009-09-01,2009,Geophysical,2.0,0.20753747568280007
2009-09-17,2009-09-17,2009,Geophysical,1.0,0.10376873784140003
2009-10-18,2009-10-18,2009,Geophysical,1.0,0.04328025435493829
2009-10-29,2009-10-29,2009,Geophysical,1.0,4.163993271488613
2010-04-04,2010-04-04,2010,Geophysical,2.0,999.1851961070836
2010-05-03,2010-05-03,2010,Geophysical,1.0,0.19002191330817136
2010-08-09,2010-08-09,2010,Geophysical,1.0,0.009456256970859106
2010-08-30,2010-08-30,2010,Geophysical,1.0,0.039791851006545496
2010-09-09,2010-09-11,2010,Geophysical,2.0,0.07355800079406363
2010-10-21,2010-10-23,2010,Geophysical,2.0,4.192663964035785
2010-10-28,2010-10-28,2010,Geophysical,1.0,0.6479293255584053
2011-02-03,2011-02-03,2011,Geophysical,1.0,0.037716849400539064
2011-02-12,2011-02-12,2011,Geophysical,1.0,0.013498590994385783
2011-02-21,2011-02-21,2011,Geophysical,1.0,0.06645349656285453
2011-03-15,2011-03-15,2011,Geophysical,1.0,0.22506631859547863
2011-03-23,2011-03-23,2011,Geophysical,1.0,0.016837879196669223
2011-06-20,2011-06-20,2011,Geophysical,1.0,0.0628614156675651
2011-07-03,2011-07-03,2011,Geophysical,1.0,0.06584733291177444
2011-08-27,2011-08-27,2011,Geophysical,1.0,28.643026308931436
2011-09-07,2011-09-07,2011,Geophysical,2.0,0.1237022858315299
2011-09-12,2011-09-12,2011,Geophysical,1.0,0.05382733221591217
2011-09-17,2011-09-17,2011,Geophysical,1.0,9.255749977933544
2011-09-23,2011-09-23,2011,Geophysical,1.0,0.013470303357335378
2011-10-13,2011-10-13,2011,Geophysical,1.0,4.3637130792958665
2011-12-10,2011-12-10,2011,Geophysical,1.0,3.9362234607859503
2012-03-20,2012-03-20,2012,Geophysical,2.0,147.2672464119375
2012-06-09,2012-06-09,2012,Geophysical,1.0,0.008714652130047728
2012-06-19,2012-06-19,2012,Geophysical,1.0,0.06805728330132511
2012-07-20,2012-07-21,2012,Geophysical,2.0,0.05392191005467031
2012-09-09,2012-09-11,2012,Geophysical,3.0,0.14939403651510388
2012-09-29,2012-09-29,2012,Geophysical,1.0,5.47954501848489
2012-10-12,2012-10-12,2012,Geophysical,1.0,2.4758949176617735
2012-11-07,2012-11-07,2012,Geophysical,1.0,0.025894966329284674
2012-11-15,2012-11-15,2012,Geophysical,2.0,5.840580606729725
2013-01-20,2013-01-20,2013,Geophysical,1.0,0.012651608904308933
2013-05-26,2013-05-26,2013,Geophysical,1.0,0.021086014840514887
2013-08-21,2013-08-21,2013,Geophysical,1.0,18.116049650228362
2013-09-01,2013-09-01,2013,Geophysical,1.0,1.0437577346054872
2013-09-09,2013-09-12,2013,Geophysical,2.0,15.59310797456076
2013-09-19,2013-09-19,2013,Geophysical,1.0,19.768138912982707
2013-09-30,2013-09-30,2013,Geophysical,1.0,32.55680691375499
2014-02-17,2014-02-17,2014,Geophysical,1.0,0.009968490801696843
2014-04-18,2014-04-18,2014,Geophysical,2.0,65.4726488459128
2014-06-20,2014-06-20,2014,Geophysical,2.0,5.2115269911271085
2014-06-26,2014-06-26,2014,Geophysical,1.0,0.0010965339881866525
2014-07-07,2014-07-07,2014,Geophysical,1.0,162.97485611694168
2014-10-02,2014-10-02,2014,Geophysical,1.0,0.0054826699409332635
2015-05-22,2015-05-22,2015,Geophysical,1.0,0.20042368075037492
2015-06-22,2015-06-22,2015,Geophysical,1.0,0.010021184037518746
2015-07-07,2015-07-09,2015,Geophysical,2.0,4.18710122047627
2015-07-11,2015-07-11,2015,Geophysical,1.0,0.010021184037518746
2015-09-15,2015-09-16,2015,Geophysical,2.0,11.76303284297346
2015-10-03,2015-10-03,2015,Geophysical,1.0,0.20042368075037492
2015-10-18,2015-10-18,2015,Geophysical,1.0,2.9964175370850845
2015-10-27,2015-10-27,2015,Geophysical,1.0,1.2526480046898432
2016-07-25,2016-07-25,2016,Geophysical,1.0,3.128914257687594
2017-06-14,2017-06-14,2017,Geophysical,1.0,17.620765398316742
2017-06-30,2017-06-30,2017,Geophysical,1.0,5.518842655271267
2017-09-07,2017-09-07,2017,Geophysical,3.0,1302.0854651513964
2017-09-19,2017-09-19,2017,Geophysical,7.0,4198.901107107899
2018-01-19,2018-01-19,2018,Geophysical,1.0,0.7789663815435808
2018-02-16,2018-02-16,2018,Geophysical,2.0,94.86879071950808
2018-05-10,2018-05-10,2018,Geophysical,1.0,0.003635176447203377
2018-07-07,2018-07-07,2018,Geophysical,1.0,0.042667883549049636
2018-07-12,2018-07-14,2018,Geophysical,2.0,0.1876010702217457
2018-08-02,2018-08-02,2018,Geophysical,1.0,0.0006491386512863175
2018-08-17,2018-08-17,2018,Geophysical,1.0,0.0015690330340241577
2018-08-28,2018-08-29,2018,Geophysical,3.0,0.021740951708881337
2018-10-07,2018-10-07,2018,Geophysical,1.0,0.12032520692705001
2018-10-19,2018-10-19,2018,Geophysical,1.0,0.22013097759004804
2018-12-13,2018-12-13,2018,Geophysical,1.0,0.0006491386512863175
2019-02-01,2019-02-01,2019,Geophysical,1.0,7.104093189862511
2019-02-15,2019-02-17,2019,Geophysical,2.0,0.0008828068407790008
2019-03-13,2019-03-13,2019,Geophysical,1.0,0.0003152881574210717
2019-04-01,2019-04-01,2019,Geophysical,1.0,0.00012611526296842868
2019-06-04,2019-06-04,2019,Geophysical,1.0,0.0007707043848070639
2019-06-08,2019-06-08,2019,Geophysical,1.0,6.305763148421434e-05
2019-07-10,2019-07-10,2019,Geophysical,1.0,0.0019617929795088898
2019-07-26,2019-07-26,2019,Geophysical,1.0,0.00012611526296842868
2019-08-09,2019-08-09,2019,Geophysical,1.0,0.008407684197895242
2019-08-22,2019-08-22,2019,Geophysical,2.0,2.7838974868814774
2019-09-07,2019-09-07,2019,Geophysical,1.0,0.0007566915778105719
2019-11-14,2019-11-14,2019,Geophysical,1.0,0.0008197492092947863
2019-11-19,2019-11-19,2019,Geophysical,1.0,0.00018917289445264299
2019-12-26,2019-12-26,2019,Geophysical,1.0,0.00037834578890528597
2020-01-04,2020-01-04,2020,Geophysical,1.0,0.753595144165566
2020-01-16,2020-01-16,2020,Geophysical,1.0,1.4744930941198326
2020-02-03,2020-02-05,2020,Geophysical,2.0,0.0204587385633267
2020-05-27,2020-05-27,2020,Geophysical,1.0,0.0001842966870630095
2020-06-06,2020-06-06,2020,Geophysical,1.0,6.841316413702625e-05
2020-06-23,2020-06-23,2020,Geophysical,2.0,125.68608756268051
2020-07-13,2020-07-13,2020,Geophysical,1.0,0.5437871764092204
2020-08-04,2020-08-07,2020,Geophysical,2.0,3.2936946020951803
2020-09-05,2020-09-05,2020,Geophysical,1.0,7.155293340173539
2020-09-18,2020-09-18,2020,Geophysical,1.0,15.071962196043822
2020-09-29,2020-10-01,2020,Geophysical,2.0,104.93339823389033
2021-01-30,2021-01-30,2021,Geophysical,2.0,0.41989294377701775
2021-03-19,2021-03-19,2021,Geophysical,1.0,0.007617928137639198
2021-04-06,2021-04-06,2021,Geophysical,1.0,0.035695434702080815
2021-04-17,2021-04-17,2021,Geophysical,1.0,0.030841021415047087
2021-05-03,2021-05-03,2021,Geophysical,1.0,2.9786284311296547
2021-05-29,2021-05-29,2021,Geophysical,1.0,0.00013681177063515297
2021-06-04,2021-06-06,2021,Geophysical,2.0,2.135548803403417
2021-06-11,2021-06-11,2021,Geophysical,1.0,0.000684058853175765
2021-07-05,2021-07-05,2021,Geophysical,2.0,0.03884378448023804
2021-08-14,2021-08-17,2021,Geophysical,2.0,0.00029694372944675244
2021-08-20,2021-08-20,2021,Geophysical,1.0,1.5447669083169597
2021-09-02,2021-09-02,2021,Geophysical,1.0,0.00609434251011136
2021-09-07,2021-09-10,2021,Geophysical,7.0,12.02350059038692
2021-09-12,2021-09-13,2021,Geophysical,3.0,0.01761762482769947
2021-09-16,2021-09-16,2021,Geophysical,1.0,6.840588531757648e-05
2021-09-27,2021-09-29,2021,Geophysical,2.0,0.08570163627095789
2021-10-02,2021-10-02,2021,Geophysical,1.0,0.00870620358587337
2021-10-27,2021-10-27,2021,Geophysical,1.0,0.008054488969987663
2021-11-04,2021-11-04,2021,Geophysical,1.0,6.840588531757648e-05
2021-12-04,2021-12-04,2021,Geophysical,1.0,0.00013681177063515297
2021-12-14,2021-12-14,2021,Geophysical,1.0,6.840588531757648e-05
2022-02-28,2022-02-28,2022,Geophysical,1.0,0.9743024550836148
2022-04-08,2022-04-08,2022,Geophysical,1.0,1.8921917371874566
2022-06-14,2022-06-14,2022,Geophysical,1.0,0.0003721294099277695
2022-06-20,2022-06-21,2022,Geophysical,2.0,1.938714903086766
2022-07-26,2022-07-26,2022,Geophysical,1.0,0.039784016915914266
2022-09-11,2022-09-14,2022,Geophysical,2.0,0.01717401391064054
2022-09-19,2022-09-19,2022,Geophysical,2.0,96.39071689302892
2022-12-11,2022-12-11,2022,Geophysical,1.0,0.0022327764595666167
2023-03-27,2023-03-27,2023,Geophysical,1.0,0.017676597813282128
2023-08-03,2023-08-03,2023,Geophysical,1.0,0.6949918026059562
2023-08-11,2023-08-11,2023,Geophysical,1.0,0.0007467880834908013
2023-09-25,2023-09-25,2023,Geophysical,1.0,0.11443678235262386
2023-12-29,2023-12-30,2023,Geophysical,2.0,0.0006249939941124754
2000-05-31,2000-05-31,2000,Hydrological,1.0,34.663712375899046
2000-10-21,2000-10-21,2000,Hydrological,1.0,12.413873241111292
2001-09-21,2001-09-21,2001,Hydrological,1.0,75.26405271915793
2002-02-14,2002-02-14,2002,Hydrological,1.0,12.497955195733832
2002-06-03,2002-06-03,2002,Hydrological,1.0,0.10475164759430092
2002-06-11,2002-06-12,2002,Hydrological,6.0,1.930681228936339
2002-06-15,2002-06-17,2002,Hydrological,3.0,1.9230957648001998
2002-06-20,2002-06-21,2002,Hydrological,3.0,0.493055168849037
2002-06-23,2002-06-25,2002,Hydrological,3.0,2.582669932066384
2002-06-27,2002-06-28,2002,Hydrological,8.0,12.470864252390477
2002-06-30,2002-06-30,2002,Hydrological,3.0,0.8434313694230781
2002-08-16,2002-08-16,2002,Hydrological,3.0,37.4938655872015
2002-08-19,2002-08-19,2002,Hydrological,1.0,0.010836377337341474
2002-08-26,2002-08-26,2002,Hydrological,1.0,1.806062889556912
2002-09-01,2002-09-02,2002,Hydrological,2.0,0.1047516475943009
2002-09-05,2002-09-06,2002,Hydrological,3.0,0.4659642255056833
2002-09-09,2002-09-11,2002,Hydrological,8.0,1.644871776663958
2002-09-12,2002-09-14,2002,Hydrological,8.0,0.3903353420054877
2002-09-15,2002-09-17,2002,Hydrological,8.0,0.4900300135090292
2002-09-18,2002-09-20,2002,Hydrological,4.0,1180.8942203367872
2002-09-22,2002-09-22,2002,Hydrological,1.0,422.97992873422885
2002-09-25,2002-09-25,2002,Hydrological,2.0,0.07720918852855799
2002-10-07,2002-10-07,2002,Hydrological,1.0,0.23365938633642552
2002-10-24,2002-10-24,2002,Hydrological,2.0,224.80064786314887
2002-11-04,2002-11-04,2002,Hydrological,1.0,0.006321220113449193
2002-11-07,2002-11-07,2002,Hydrological,1.0,0.10023649037040865
2003-02-25,2003-02-25,2003,Hydrological,1.0,0.0063694608742769
2003-04-08,2003-04-08,2003,Hydrological,1.0,0.012644091065562085
2003-04-11,2003-04-11,2003,Hydrological,1.0,0.03951278457988151
2003-05-09,2003-05-11,2003,Hydrological,4.0,0.1434630182526338
2003-05-18,2003-05-18,2003,Hydrological,1.0,0.03492930156861526
2003-05-23,2003-05-25,2003,Hydrological,2.0,0.03777422205836673
2003-05-26,2003-05-26,2003,Hydrological,3.0,0.029871665142390424
2003-05-29,2003-05-29,2003,Hydrological,1.0,0.02275936391801175
2003-06-02,2003-06-04,2003,Hydrological,2.0,0.02165300594977507
2003-06-05,2003-06-06,2003,Hydrological,4.0,10.675295450857247
2003-06-09,2003-06-11,2003,Hydrological,3.0,0.022443261641372704
2003-06-12,2003-06-14,2003,Hydrological,2.0,0.12422819471914749
2003-06-16,2003-06-16,2003,Hydrological,2.0,0.013118244480520663
2003-06-19,2003-06-21,2003,Hydrological,3.0,0.3379765541824745
2003-06-23,2003-06-25,2003,Hydrological,6.0,0.1419046340288033
2003-06-26,2003-06-26,2003,Hydrological,1.0,13.489664655571548
2003-06-30,2003-06-30,2003,Hydrological,1.0,0.22775169031843706
2003-07-03,2003-07-05,2003,Hydrological,6.0,1.4241039767142576
2003-07-06,2003-07-08,2003,Hydrological,4.0,0.37221043074248383
2003-07-09,2003-07-09,2003,Hydrological,1.0,0.0109055285440473
2003-07-16,2003-07-17,2003,Hydrological,2.0,0.013276295618840191
2003-07-21,2003-07-23,2003,Hydrological,3.0,0.17559481467299345
2003-07-24,2003-07-26,2003,Hydrological,4.0,0.0842412567243074
2003-07-28,2003-07-30,2003,Hydrological,2.0,0.04678313694257972
2003-08-05,2003-08-07,2003,Hydrological,4.0,58.53329076980656
2003-08-09,2003-08-10,2003,Hydrological,4.0,0.2400796791073601
2003-08-12,2003-08-12,2003,Hydrological,1.0,0.005373738702863886
2003-08-16,2003-08-16,2003,Hydrological,2.0,0.07270352362698199
2003-08-19,2003-08-21,2003,Hydrological,5.0,0.10573621153576293
2003-08-22,2003-08-24,2003,Hydrological,5.0,0.023865721886248435
2003-08-30,2003-09-01,2003,Hydrological,4.0,0.08999431815913814
2003-09-04,2003-09-06,2003,Hydrological,7.0,252.3354385260711
2003-09-07,2003-09-09,2003,Hydrological,4.0,24.710347169427983
2003-09-13,2003-09-15,2003,Hydrological,5.0,23.816567982231067
2003-09-16,2003-09-16,2003,Hydrological,1.0,0.09514678526835468
2003-09-19,2003-09-21,2003,Hydrological,4.0,2.092280969073886
2003-09-22,2003-09-22,2003,Hydrological,1.0,120.79848501761377
2003-09-25,2003-09-26,2003,Hydrological,4.0,0.2103660651032892
2003-09-28,2003-09-29,2003,Hydrological,3.0,75.03904529792962
2003-10-04,2003-10-06,2003,Hydrological,2.0,47.2557098461551
2003-10-07,2003-10-08,2003,Hydrological,3.0,0.14540704725396397
2003-10-12,2003-10-12,2003,Hydrological,1.0,0.09166966022532512
2003-10-31,2003-11-01,2003,Hydrological,4.0,0.0731302617004447
2003-11-09,2003-11-09,2003,Hydrological,1.0,0.012644091065562085
2003-11-29,2003-12-01,2003,Hydrological,2.0,0.04030304027147915
2004-01-10,2004-01-10,2004,Hydrological,1.0,0.17658259847445182
2004-03-24,2004-03-24,2004,Hydrological,1.0,0.005886086615815061
2004-04-02,2004-04-04,2004,Hydrological,5.0,23.775375362930987
2004-04-07,2004-04-08,2004,Hydrological,2.0,1.2301921027053477
2004-04-22,2004-04-22,2004,Hydrological,1.0,1.8570603272896518
2004-04-26,2004-04-27,2004,Hydrological,5.0,0.23544346463260246
2004-04-29,2004-05-01,2004,Hydrological,2.0,1.5068381736486556
2004-05-02,2004-05-03,2004,Hydrological,2.0,0.5474060552708007
2004-05-05,2004-05-07,2004,Hydrological,5.0,0.3958393249135629
2004-05-11,2004-05-13,2004,Hydrological,2.0,0.15598129531909913
2004-05-15,2004-05-17,2004,Hydrological,3.0,0.13685151381770014
2004-05-18,2004-05-20,2004,Hydrological,2.0,0.0927058641990872
2004-05-24,2004-05-24,2004,Hydrological,1.0,0.014715216539537652
2004-05-27,2004-05-28,2004,Hydrological,2.0,0.01618673819349142
2004-05-30,2004-05-31,2004,Hydrological,2.0,0.029430433079075304
2004-06-02,2004-06-04,2004,Hydrological,4.0,0.37818106506611765
2004-06-05,2004-06-07,2004,Hydrological,4.0,0.4870736674586963
2004-06-08,2004-06-10,2004,Hydrological,6.0,0.16775346855072926
2004-06-12,2004-06-13,2004,Hydrological,3.0,2.0983898785380695
2004-06-15,2004-06-15,2004,Hydrological,2.0,0.03973108465675167
2004-06-19,2004-06-21,2004,Hydrological,3.0,0.08976282089117968
2004-06-22,2004-06-22,2004,Hydrological,1.0,0.005886086615815061
2004-06-25,2004-06-27,2004,Hydrological,9.0,0.32814932883168973
2004-06-28,2004-06-30,2004,Hydrological,4.0,0.07799064765954955
2004-07-01,2004-07-03,2004,Hydrological,3.0,0.052974779542335544
2004-07-04,2004-07-04,2004,Hydrological,1.0,0.08240521262141087
2004-07-07,2004-07-09,2004,Hydrological,2.0,0.0971204291609485
2004-07-12,2004-07-13,2004,Hydrological,2.0,0.8181660395982935
2004-07-15,2004-07-17,2004,Hydrological,2.0,0.08681977758327215
2004-07-19,2004-07-19,2004,Hydrological,1.0,0.5297477954233555
2004-07-22,2004-07-23,2004,Hydrological,2.0,0.12655086224002382
2004-07-27,2004-07-28,2004,Hydrological,5.0,0.11183564570048615
2004-08-16,2004-08-16,2004,Hydrological,1.0,4.492555609520845
2004-08-19,2004-08-20,2004,Hydrological,3.0,0.03678804134884413
2004-08-22,2004-08-23,2004,Hydrological,3.0,0.048560214580474256
2004-08-25,2004-08-27,2004,Hydrological,3.0,0.025015868117214006
2004-08-28,2004-08-28,2004,Hydrological,1.0,0.020601303155352718
2004-09-02,2004-09-04,2004,Hydrological,5.0,0.6813145257805933
2004-09-05,2004-09-06,2004,Hydrological,3.0,1.5406831716895921
2004-09-08,2004-09-09,2004,Hydrological,2.0,0.03678804134884413
2004-09-13,2004-09-14,2004,Hydrological,3.0,1.4244329610272448
2004-09-17,2004-09-17,2004,Hydrological,1.0,0.011772173231630122
2004-09-20,2004-09-22,2004,Hydrological,3.0,0.10300651577676358
2004-09-24,2004-09-26,2004,Hydrological,4.0,17.759794841567995
2004-09-28,2004-09-30,2004,Hydrological,4.0,0.7195740887833911
2004-10-02,2004-10-02,2004,Hydrological,1.0,0.03973108465675166
2004-10-05,2004-10-05,2004,Hydrological,1.0,0.029430433079075304
2004-10-09,2004-10-09,2004,Hydrological,3.0,0.06916151773582697
2004-10-13,2004-10-13,2004,Hydrological,1.0,0.042674127964659185
2004-10-16,2004-10-16,2004,Hydrological,1.0,0.0382595630027979
2004-10-20,2004-10-20,2004,Hydrological,1.0,0.011772173231630122
2004-10-24,2004-10-26,2004,Hydrological,2.0,0.023544346463260243
2004-11-03,2004-11-05,2004,Hydrological,2.0,1.1831034097788273
2004-11-06,2004-11-06,2004,Hydrological,1.0,0.15009520870328405
2005-01-03,2005-01-03,2005,Hydrological,1.0,0.44438580418402307
2005-01-18,2005-01-18,2005,Hydrological,1.0,0.011938723097481218
2005-04-21,2005-04-21,2005,Hydrological,1.0,0.10892242430911876
2005-04-24,2005-04-24,2005,Hydrological,2.0,0.13014682092686314
2005-04-30,2005-04-30,2005,Hydrological,1.0,0.07163233858488731
2005-05-05,2005-05-05,2005,Hydrological,1.0,0.13707422815626583
2005-05-12,2005-05-14,2005,Hydrological,2.0,0.014296989388341704
2005-05-16,2005-05-17,2005,Hydrological,3.0,0.1582986247740102
2005-05-23,2005-05-23,2005,Hydrological,1.0,0.0072221905157602425
2005-06-07,2005-06-07,2005,Hydrological,1.0,0.0029478328635756095
2005-06-22,2005-06-22,2005,Hydrological,1.0,0.25631406748789926
2005-06-26,2005-06-26,2005,Hydrological,2.0,0.07782278759839609
2005-07-03,2005-07-05,2005,Hydrological,2.0,0.09462543492077705
2005-07-06,2005-07-06,2005,Hydrological,2.0,0.032720944785689265
2005-07-17,2005-07-17,2005,Hydrological,1.0,0.008990890233905608
2005-07-25,2005-07-27,2005,Hydrological,2.0,0.05320838318753974
2005-07-29,2005-07-29,2005,Hydrological,1.0,0.012182803658585279
2005-08-02,2005-08-04,2005,Hydrological,5.0,0.05379794976025487
2005-08-05,2005-08-05,2005,Hydrological,1.0,0.0188661303268839
2005-08-15,2005-08-15,2005,Hydrological,1.0,0.005895665727151219
2005-08-19,2005-08-21,2005,Hydrological,4.0,1.2537133168787067
2005-08-22,2005-08-24,2005,Hydrological,4.0,0.23037313828843387
2005-08-28,2005-08-28,2005,Hydrological,1.0,0.011938723097481218
2005-09-01,2005-09-02,2005,Hydrological,3.0,0.3969256950804557
2005-09-12,2005-09-13,2005,Hydrological,2.0,0.05040794196714292
2005-09-22,2005-09-24,2005,Hydrological,4.0,0.5674578262383048
2005-09-25,2005-09-25,2005,Hydrological,2.0,0.5379794976025486
2005-09-28,2005-09-28,2005,Hydrological,1.0,1.4481228942315179
2005-10-11,2005-10-13,2005,Hydrological,2.0,0.23169966307704287
2005-11-19,2005-11-19,2005,Hydrological,1.0,0.034047469574298286
2005-12-18,2005-12-19,2005,Hydrological,2.0,0.24761796054035112
2006-01-06,2006-01-06,2006,Hydrological,1.0,0.1274059653198171
2006-01-17,2006-01-17,2006,Hydrological,1.0,0.0005710711130426584
2006-01-26,2006-01-28,2006,Hydrological,3.0,1.0022076172771237
2006-03-02,2006-03-02,2006,Hydrological,1.0,0.0013317378356154793
2006-03-24,2006-03-24,2006,Hydrological,1.0,0.09358213713319173
2006-04-08,2006-04-08,2006,Hydrological,1.0,0.002998123343473957
2006-04-19,2006-04-21,2006,Hydrological,3.0,0.6617286522381803
2006-04-23,2006-04-23,2006,Hydrological,1.0,0.002855355565213292
2006-04-30,2006-05-02,2006,Hydrological,2.0,0.5713166736212667
2006-05-06,2006-05-06,2006,Hydrological,1.0,0.02324145215861011
2006-05-11,2006-05-11,2006,Hydrological,1.0,0.005953273585691453
2006-05-14,2006-05-16,2006,Hydrological,5.0,1.1658465313810478
2006-05-17,2006-05-19,2006,Hydrological,3.0,0.24151168441687065
2006-05-26,2006-05-26,2006,Hydrological,1.0,0.0005710711130426584
2006-05-30,2006-05-30,2006,Hydrological,2.0,0.15046181936668834
2006-06-03,2006-06-04,2006,Hydrological,2.0,0.044227030652923466
2006-06-08,2006-06-08,2006,Hydrological,1.0,0.13806843407143657
2006-06-16,2006-06-18,2006,Hydrological,2.0,0.3488056672775514
2006-06-20,2006-06-20,2006,Hydrological,1.0,0.115958844858877
2006-06-25,2006-06-27,2006,Hydrological,3.0,0.16438281988932923
2006-06-28,2006-06-28,2006,Hydrological,1.0,1.5548838730368981
2006-07-02,2006-07-04,2006,Hydrological,5.0,0.4825375586378759
2006-07-06,2006-07-06,2006,Hydrological,1.0,73.7052932048507
2006-07-09,2006-07-09,2006,Hydrological,1.0,0.08190187689035199
2006-07-13,2006-07-14,2006,Hydrological,3.0,0.08150498246678733
2006-07-18,2006-07-20,2006,Hydrological,4.0,0.19634567008632678
2006-07-21,2006-07-22,2006,Hydrological,3.0,0.16785321904328945
2006-07-28,2006-07-28,2006,Hydrological,2.0,0.0658296514848794
2006-08-03,2006-08-03,2006,Hydrological,1.0,0.02988186706107014
2006-08-07,2006-08-07,2006,Hydrological,2.0,0.023305412123270888
2006-08-11,2006-08-13,2006,Hydrological,2.0,0.4439738116594409
2006-08-16,2006-08-17,2006,Hydrological,2.0,0.33436213668647646
2006-08-23,2006-08-25,2006,Hydrological,2.0,4.2112649850627495
2006-09-02,2006-09-02,2006,Hydrological,1.0,2.5575025758547456
2006-09-05,2006-09-05,2006,Hydrological,3.0,0.08823448446288201
2006-09-10,2006-09-10,2006,Hydrological,1.0,0.002855355565213292
2006-09-14,2006-09-15,2006,Hydrological,4.0,23.263472375193476
2006-09-18,2006-09-19,2006,Hydrological,2.0,19.07854333388314
2006-09-22,2006-09-24,2006,Hydrological,2.0,0.0419497418218876
2006-09-26,2006-09-26,2006,Hydrological,1.0,1.0142222967637613
2006-09-30,2006-09-30,2006,Hydrological,1.0,0.000713838891303323
2006-10-05,2006-10-06,2006,Hydrological,2.0,0.2667358954799649
2006-10-12,2006-10-14,2006,Hydrological,4.0,0.4731632549959468
2006-10-15,2006-10-15,2006,Hydrological,2.0,0.019882411871693192
2006-10-22,2006-10-24,2006,Hydrological,3.0,0.34527873208339993
2006-10-25,2006-10-25,2006,Hydrological,1.0,0.004661082424654178
2007-01-07,2007-01-08,2007,Hydrological,2.0,106.86346858422897
2007-01-19,2007-01-19,2007,Hydrological,1.0,0.0473465899597185
2007-01-31,2007-01-31,2007,Hydrological,1.0,0.011075225721571578
2007-02-05,2007-02-05,2007,Hydrological,1.0,0.010936785400051934
2007-02-19,2007-02-19,2007,Hydrological,1.0,0.0031841273949518288
2007-03-12,2007-03-13,2007,Hydrological,2.0,0.12647907774034742
2007-04-01,2007-04-01,2007,Hydrological,1.0,0.07738813972948141
2007-04-25,2007-04-25,2007,Hydrological,1.0,0.47761910924277434
2007-05-02,2007-05-02,2007,Hydrological,2.0,0.09441629927639769
2007-05-05,2007-05-07,2007,Hydrological,4.0,21.38170618177672
2007-05-08,2007-05-08,2007,Hydrological,2.0,0.020766048227946705
2007-05-19,2007-05-19,2007,Hydrological,1.0,0.0553761286078579
2007-05-24,2007-05-24,2007,Hydrological,1.0,0.0017997241797553815
2007-05-29,2007-05-29,2007,Hydrological,1.0,0.02893402719760575
2007-06-02,2007-06-02,2007,Hydrological,1.0,0.03862484970398088
2007-06-07,2007-06-08,2007,Hydrological,2.0,0.024088615944418183
2007-06-16,2007-06-18,2007,Hydrological,2.0,0.025611459481134274
2007-06-19,2007-06-19,2007,Hydrological,3.0,0.035302281987509405
2007-06-25,2007-06-25,2007,Hydrological,3.0,0.027411183660889654
2007-06-30,2007-07-01,2007,Hydrological,3.0,2.975913151386283
2007-07-03,2007-07-03,2007,Hydrological,1.0,0.004430090288628631
2007-07-07,2007-07-07,2007,Hydrological,1.0,0.05551456892937754
2007-07-11,2007-07-11,2007,Hydrological,1.0,0.05426860603570074
2007-07-15,2007-07-16,2007,Hydrological,3.0,14.273474029318411
2007-07-18,2007-07-18,2007,Hydrological,1.0,0.5105679057644498
2007-07-24,2007-07-24,2007,Hydrological,1.0,0.1259806925828767
2007-07-28,2007-07-28,2007,Hydrological,2.0,0.5210893701999428
2007-08-12,2007-08-13,2007,Hydrological,2.0,0.07088144461805809
2007-08-15,2007-08-15,2007,Hydrological,1.0,0.004153209645589341
2007-08-21,2007-08-21,2007,Hydrological,1.0,4.1281519473942865
2007-08-24,2007-08-26,2007,Hydrological,2.0,0.5754964165571631
2007-08-27,2007-08-28,2007,Hydrological,5.0,23.05072885398541
2007-08-30,2007-09-01,2007,Hydrological,4.0,78.36649748166073
2007-09-02,2007-09-04,2007,Hydrological,3.0,0.09497006056247628
2007-09-05,2007-09-07,2007,Hydrological,4.0,54.35208554957708
2007-09-08,2007-09-08,2007,Hydrological,1.0,0.08306419291178684
2007-09-12,2007-09-12,2007,Hydrological,2.0,0.009275501541816198
2007-09-17,2007-09-19,2007,Hydrological,2.0,0.0458237464230024
2007-09-24,2007-09-24,2007,Hydrological,1.0,0.10659904757012643
2007-10-09,2007-10-11,2007,Hydrological,3.0,61.890022616000216
2007-10-18,2007-10-18,2007,Hydrological,1.0,0.0013844032151964472
2007-10-22,2007-10-24,2007,Hydrological,3.0,4412.983218098449
2007-10-31,2007-10-31,2007,Hydrological,1.0,470.2513153314988
2007-11-18,2007-11-18,2007,Hydrological,1.0,0.03599448359510763
2008-01-01,2008-01-02,2008,Hydrological,2.0,5.641842249623648
2008-01-07,2008-01-07,2008,Hydrological,1.0,0.012959882744647575
2008-01-19,2008-01-19,2008,Hydrological,1.0,0.01221213678265336
2008-02-26,2008-02-27,2008,Hydrological,2.0,0.1035164743372932
2008-03-04,2008-03-04,2008,Hydrological,1.0,0.013303908722960037
2008-04-08,2008-04-08,2008,Hydrological,2.0,0.033490562446580024
2008-04-12,2008-04-13,2008,Hydrological,4.0,0.4925924450571227
2008-04-23,2008-04-24,2008,Hydrological,4.0,0.1598415647325032
2008-04-26,2008-04-26,2008,Hydrological,1.0,0.0058908557930216245
2008-05-06,2008-05-06,2008,Hydrological,1.0,0.052363162604636665
2008-05-13,2008-05-15,2008,Hydrological,3.0,0.9739499808537009
2008-05-18,2008-05-18,2008,Hydrological,1.0,0.031417897562782
2008-05-26,2008-05-27,2008,Hydrological,2.0,0.017414678803237035
2008-06-01,2008-06-02,2008,Hydrological,2.0,26.07414400527311
2008-06-04,2008-06-06,2008,Hydrological,5.0,87.97939716451938
2008-06-07,2008-06-09,2008,Hydrological,6.0,0.6140190846237992
2008-06-10,2008-06-11,2008,Hydrological,4.0,0.30279954403848686
2008-06-16,2008-06-17,2008,Hydrological,2.0,0.3455161030122843
2008-06-21,2008-06-23,2008,Hydrological,3.0,1.193588444570008
2008-06-24,2008-06-24,2008,Hydrological,1.0,0.018327106911622836
2008-06-29,2008-07-01,2008,Hydrological,3.0,67.00804702048951
2008-07-03,2008-07-05,2008,Hydrological,6.0,47.323958829876325
2008-07-06,2008-07-08,2008,Hydrological,2.0,33.23413519571258
2008-07-10,2008-07-12,2008,Hydrological,2.0,25.980456882004148
2008-07-18,2008-07-18,2008,Hydrological,1.0,7.213025648788701
2008-07-26,2008-07-26,2008,Hydrological,2.0,38.21688506669771
2008-07-31,2008-08-01,2008,Hydrological,2.0,0.39900729904733134
2008-08-03,2008-08-05,2008,Hydrological,2.0,15.629487682138462
2008-08-13,2008-08-14,2008,Hydrological,7.0,54.478375411843324
2008-08-18,2008-08-19,2008,Hydrological,2.0,0.0188507385376692
2008-08-21,2008-08-23,2008,Hydrological,7.0,12.559453000288089
2008-08-25,2008-08-27,2008,Hydrological,6.0,63.44373340702242
2008-08-29,2008-08-30,2008,Hydrological,4.0,26.53569190211682
2008-09-03,2008-09-05,2008,Hydrological,6.0,113.11934687288314
2008-09-06,2008-09-08,2008,Hydrological,3.0,0.3256469009619549
2008-09-09,2008-09-11,2008,Hydrological,5.0,18.637882281681346
2008-09-13,2008-09-15,2008,Hydrological,4.0,8.990755019216113
2008-09-16,2008-09-18,2008,Hydrological,4.0,4.685324881956377
2008-09-19,2008-09-19,2008,Hydrological,3.0,185.0279841295204
2008-09-22,2008-09-24,2008,Hydrological,5.0,748.1502056095194
2008-09-25,2008-09-25,2008,Hydrological,1.0,0.7817820176872254
2008-10-07,2008-10-07,2008,Hydrological,2.0,0.0989663773227633
2008-10-11,2008-10-11,2008,Hydrological,2.0,0.9189918308182851
2008-10-16,2008-10-18,2008,Hydrological,4.0,2.414858151419331
2008-10-24,2008-10-24,2008,Hydrological,1.0,0.11906833363087027
2009-01-21,2009-01-21,2009,Hydrological,1.0,0.06059235609691361
2009-04-16,2009-04-16,2009,Hydrological,1.0,0.09738057229861115
2009-04-21,2009-04-21,2009,Hydrological,1.0,0.02705015897183643
2009-05-15,2009-05-17,2009,Hydrological,2.0,0.056264330661419774
2009-05-25,2009-05-25,2009,Hydrological,1.0,0.0032460190766203717
2009-05-28,2009-05-30,2009,Hydrological,4.0,17.91930207044792
2009-06-01,2009-06-03,2009,Hydrological,2.0,0.0833188176586917
2009-06-04,2009-06-04,2009,Hydrological,1.0,0.010400028720219896
2009-06-09,2009-06-09,2009,Hydrological,1.0,0.07185474388515566
2009-06-17,2009-06-19,2009,Hydrological,4.0,0.0418890105786988
2009-06-20,2009-06-21,2009,Hydrological,2.0,0.10898227728099591
2009-06-24,2009-06-24,2009,Hydrological,1.0,0.06980239422364448
2009-06-29,2009-07-01,2009,Hydrological,5.0,1.1247196418963459
2009-07-05,2009-07-05,2009,Hydrological,1.0,0.18909143127672537
2009-07-09,2009-07-11,2009,Hydrological,3.0,2.611324533766247
2009-07-18,2009-07-20,2009,Hydrological,4.0,0.10380617526141706
2009-07-21,2009-07-21,2009,Hydrological,1.0,0.022159490229728407
2009-07-29,2009-07-31,2009,Hydrological,2.0,0.18165566717727522
2009-08-05,2009-08-05,2009,Hydrological,2.0,0.16424856527699083
2009-08-08,2009-08-08,2009,Hydrological,2.0,0.12180145581838507
2009-08-17,2009-08-17,2009,Hydrological,1.0,0.022690971753207046
2009-08-21,2009-08-23,2009,Hydrological,2.0,0.04210303143648397
2009-08-26,2009-08-26,2009,Hydrological,1.0,0.005539872557432102
2009-08-30,2009-08-31,2009,Hydrological,2.0,0.03988708241351113
2009-09-06,2009-09-08,2009,Hydrological,3.0,108.57831237092321
2009-09-09,2009-09-09,2009,Hydrological,1.0,2.4594004537193683
2009-09-12,2009-09-14,2009,Hydrological,9.0,0.3040784110469255
2009-09-15,2009-09-15,2009,Hydrological,1.0,0.1289487570225596
2009-09-22,2009-09-23,2009,Hydrological,3.0,137.5883510096313
2009-09-25,2009-09-27,2009,Hydrological,4.0,76.63078054557919
2009-10-17,2009-10-17,2009,Hydrological,1.0,68.9385203467199
2009-10-30,2009-10-30,2009,Hydrological,3.0,276.3354736996804
2009-11-02,2009-11-02,2009,Hydrological,1.0,206.91424002008895
2009-12-05,2009-12-05,2009,Hydrological,1.0,7.611914734674771
2010-01-09,2010-01-09,2010,Hydrological,1.0,1.3673041044535688
2010-01-16,2010-01-16,2010,Hydrological,1.0,2.5936244466879916
2010-01-19,2010-01-19,2010,Hydrological,1.0,106.89756536264859
2010-01-31,2010-02-01,2010,Hydrological,2.0,19.608425823621314
2010-02-03,2010-02-05,2010,Hydrological,8.0,344.64297723488744
2010-02-24,2010-02-24,2010,Hydrological,1.0,0.04974436764362551
2010-04-11,2010-04-11,2010,Hydrological,1.0,65.89255927391682
2010-04-14,2010-04-14,2010,Hydrological,1.0,13.900393775309523
2010-06-27,2010-06-29,2010,Hydrological,3.0,10.726514474941714
2010-07-01,2010-07-03,2010,Hydrological,5.0,18.26632009051767
2010-07-13,2010-07-13,2010,Hydrological,1.0,0.04280902780723062
2010-07-17,2010-07-17,2010,Hydrological,2.0,2.004224575891845
2010-07-20,2010-07-22,2010,Hydrological,2.0,663.9072018731044
2010-07-23,2010-07-25,2010,Hydrological,3.0,119.46970460118379
2010-07-28,2010-07-28,2010,Hydrological,1.0,0.21366332443118205
2010-08-04,2010-08-04,2010,Hydrological,1.0,0.5555740241243476
2010-08-08,2010-08-10,2010,Hydrological,4.0,962.859742890837
2010-08-11,2010-08-13,2010,Hydrological,5.0,4.784582274652715
2010-08-17,2010-08-19,2010,Hydrological,12.0,0.74021074020114
2010-08-20,2010-08-22,2010,Hydrological,4.0,0.30786997930287413
2010-08-24,2010-08-25,2010,Hydrological,4.0,832.6256815959105
2010-08-29,2010-08-31,2010,Hydrological,5.0,5.634547164247019
2010-09-01,2010-09-03,2010,Hydrological,4.0,9.834247234219355
2010-09-04,2010-09-05,2010,Hydrological,3.0,29.025239456425375
2010-09-09,2010-09-10,2010,Hydrological,4.0,0.6325210264655698
2010-09-17,2010-09-19,2010,Hydrological,6.0,63.351714792139745
2010-09-20,2010-09-22,2010,Hydrological,3.0,0.15235114829413832
2010-09-23,2010-09-23,2010,Hydrological,1.0,0.3453072438407845
2010-09-26,2010-09-26,2010,Hydrological,1.0,0.5922236941747802
2010-09-30,2010-09-30,2010,Hydrological,2.0,2.928476220013873
2010-10-28,2010-10-28,2010,Hydrological,2.0,0.15287689436860682
2010-11-30,2010-11-30,2010,Hydrological,1.0,0.5695824588318076
2011-01-03,2011-01-03,2011,Hydrological,1.0,0.0788910766627942
2011-01-11,2011-01-13,2011,Hydrological,3.0,14.719826881671342
2011-01-20,2011-01-20,2011,Hydrological,1.0,0.0006622899150689895
2011-01-27,2011-01-27,2011,Hydrological,1.0,0.14851009451462255
2011-01-31,2011-02-01,2011,Hydrological,2.0,0.020317707563980863
2011-02-03,2011-02-03,2011,Hydrological,3.0,0.017960404476447173
2011-02-07,2011-02-07,2011,Hydrological,1.0,0.013470303357335378
2011-02-12,2011-02-13,2011,Hydrological,3.0,0.04875946733529867
2011-02-21,2011-02-22,2011,Hydrological,3.0,0.09176644162184727
2011-03-01,2011-03-01,2011,Hydrological,1.0,0.0024583303627137066
2011-03-04,2011-03-04,2011,Hydrological,2.0,0.06151438533183157
2011-03-07,2011-03-09,2011,Hydrological,2.0,0.00803728100321011
2011-03-15,2011-03-15,2011,Hydrological,1.0,0.0632430742626896
2011-03-22,2011-03-22,2011,Hydrological,1.0,0.00954146487811256
2011-03-29,2011-03-30,2011,Hydrological,4.0,0.3964759288175713
2011-04-03,2011-04-04,2011,Hydrological,3.0,0.02170963891090552
2011-04-06,2011-04-06,2011,Hydrological,1.0,0.042567281134459574
2011-04-12,2011-04-13,2011,Hydrological,3.0,0.22069520515602328
2011-04-17,2011-04-19,2011,Hydrological,4.0,0.30729129533921334
2011-04-20,2011-04-20,2011,Hydrological,1.0,0.005500373870911947
2011-05-01,2011-05-03,2011,Hydrological,2.0,0.01212327302160184
2011-05-07,2011-05-07,2011,Hydrological,1.0,0.004243145557560645
2011-05-22,2011-05-22,2011,Hydrological,1.0,0.06735151678667689
2011-05-27,2011-05-27,2011,Hydrological,1.0,0.09541464878112561
2011-06-01,2011-06-03,2011,Hydrological,4.0,0.03817708476524802
2011-06-13,2011-06-15,2011,Hydrological,4.0,0.9209983162994131
2011-06-19,2011-06-21,2011,Hydrological,3.0,9.271497548325963
2011-06-22,2011-06-24,2011,Hydrological,5.0,0.1328284163561246
2011-06-25,2011-06-27,2011,Hydrological,2.0,57.93342563124647
2011-06-29,2011-07-01,2011,Hydrological,6.0,10.658638630871694
2011-07-03,2011-07-04,2011,Hydrological,4.0,13.05438383138919
2011-07-12,2011-07-14,2011,Hydrological,5.0,85.83681408394823
2011-07-15,2011-07-16,2011,Hydrological,2.0,0.21283079304589897
2011-07-22,2011-07-22,2011,Hydrological,2.0,0.019172731778607358
2011-07-25,2011-07-25,2011,Hydrological,1.0,0.0005612626398889741
2011-07-28,2011-07-28,2011,Hydrological,1.0,0.08394693052291408
2011-08-01,2011-08-01,2011,Hydrological,1.0,0.021608611635725503
2011-08-05,2011-08-05,2011,Hydrological,1.0,0.008620994148694642
2011-08-08,2011-08-08,2011,Hydrological,1.0,2.2443770443880298
2011-08-12,2011-08-12,2011,Hydrological,1.0,0.005085039517394105
2011-08-21,2011-08-22,2011,Hydrological,6.0,98.6529681917961
2011-08-24,2011-08-24,2011,Hydrological,2.0,6.421982840963558
2011-08-28,2011-08-28,2011,Hydrological,1.0,0.07773487562462292
2011-08-31,2011-09-02,2011,Hydrological,4.0,88.41989505885226
2011-09-03,2011-09-05,2011,Hydrological,5.0,49.92991501531078
2011-09-07,2011-09-07,2011,Hydrological,2.0,0.5090589282377328
2011-09-11,2011-09-13,2011,Hydrological,2.0,25.878715311395183
2011-09-19,2011-09-20,2011,Hydrological,2.0,41.142038513099926
2011-09-22,2011-09-22,2011,Hydrological,1.0,0.010765466443182435
2011-09-28,2011-09-28,2011,Hydrological,1.0,6.567175873276438
2011-10-01,2011-10-01,2011,Hydrological,1.0,49.0854728108397
2011-10-11,2011-10-13,2011,Hydrological,3.0,12.163396901959807
2011-10-14,2011-10-16,2011,Hydrological,3.0,1193.077964429626
2011-11-10,2011-11-10,2011,Hydrological,1.0,0.09227157799774734
2012-01-01,2012-01-02,2012,Hydrological,4.0,3.5254865827461352
2012-01-29,2012-01-29,2012,Hydrological,1.0,0.7770564815959223
2012-02-10,2012-02-11,2012,Hydrological,2.0,9.117393553486362
2012-02-16,2012-02-16,2012,Hydrological,1.0,0.30708774172549136
2012-03-24,2012-03-24,2012,Hydrological,1.0,0.005135420005206696
2012-03-29,2012-03-31,2012,Hydrological,3.0,10.260986259878676
2012-04-08,2012-04-08,2012,Hydrological,2.0,14.396812810556225
2012-04-12,2012-04-12,2012,Hydrological,1.0,0.36829779835320753
2012-04-17,2012-04-17,2012,Hydrological,4.0,6.6121385578150225
2012-05-16,2012-05-16,2012,Hydrological,1.0,0.05322162550850576
2012-06-01,2012-06-03,2012,Hydrological,2.0,0.11773080044259715
2012-06-05,2012-06-05,2012,Hydrological,2.0,0.2214642096305986
2012-06-14,2012-06-16,2012,Hydrological,2.0,18.256269346948443
2012-06-17,2012-06-19,2012,Hydrological,4.0,12.23360791098926
2012-06-22,2012-06-24,2012,Hydrological,7.0,7.655303166953473
2012-06-25,2012-06-25,2012,Hydrological,2.0,1.4783784863473823
2012-06-28,2012-06-29,2012,Hydrological,2.0,0.03309492892244316
2012-07-01,2012-07-02,2012,Hydrological,4.0,0.09414936676212278
2012-07-12,2012-07-13,2012,Hydrological,3.0,0.1990634038220283
2012-07-16,2012-07-18,2012,Hydrological,7.0,0.05607743776069414
2012-07-19,2012-07-21,2012,Hydrological,6.0,1.7289784754410564
2012-07-24,2012-07-26,2012,Hydrological,4.0,0.2907996419109974
2012-07-27,2012-07-27,2012,Hydrological,1.0,0.012553248901616368
2012-08-01,2012-08-03,2012,Hydrological,3.0,0.39033756857353297
2012-08-07,2012-08-09,2012,Hydrological,3.0,16.70961923835568
2012-08-13,2012-08-15,2012,Hydrological,3.0,0.21169342465907603
2012-08-16,2012-08-16,2012,Hydrological,1.0,3.91588743629347
2012-08-19,2012-08-21,2012,Hydrological,3.0,1.768420783489935
2012-08-22,2012-08-24,2012,Hydrological,2.0,0.08773683523642932
2012-08-26,2012-08-28,2012,Hydrological,2.0,0.11982646678815626
2012-08-31,2012-08-31,2012,Hydrological,2.0,0.1346621245809756
2012-09-11,2012-09-13,2012,Hydrological,2.0,0.9850669282714664
2012-09-15,2012-09-17,2012,Hydrological,2.0,0.7895578575681932
2012-09-24,2012-09-26,2012,Hydrological,3.0,0.04564817782405953
2012-09-30,2012-09-30,2012,Hydrological,1.0,0.04564817782405953
2012-11-02,2012-11-02,2012,Hydrological,1.0,0.5725733941158739
2013-05-24,2013-05-24,2013,Hydrological,1.0,0.005271503710128722
2013-06-01,2013-06-01,2013,Hydrological,1.0,11.402262525008426
2013-06-10,2013-06-10,2013,Hydrological,1.0,0.01686881187241191
2013-06-13,2013-06-14,2013,Hydrological,2.0,26.928949552821564
2013-06-21,2013-06-21,2013,Hydrological,1.0,0.005271503710128722
2013-07-03,2013-07-03,2013,Hydrological,1.0,0.010543007420257444
2013-07-06,2013-07-07,2013,Hydrological,2.0,0.03953627782596541
2013-07-10,2013-07-10,2013,Hydrological,1.0,0.010543007420257444
2013-07-16,2013-07-18,2013,Hydrological,3.0,96.06366641041771
2013-07-21,2013-07-22,2013,Hydrological,2.0,0.021086014840514887
2013-07-28,2013-07-28,2013,Hydrological,1.0,0.010543007420257444
2013-08-11,2013-08-11,2013,Hydrological,1.0,0.0031629022260772333
2013-08-18,2013-08-18,2013,Hydrological,1.0,1.3284189349524378
2013-09-06,2013-09-06,2013,Hydrological,2.0,1.4696952343838876
2013-09-12,2013-09-14,2013,Hydrological,2.0,23.430779690780142
2013-10-07,2013-10-07,2013,Hydrological,1.0,0.2298375617616123
2013-10-19,2013-10-19,2013,Hydrological,1.0,0.021086014840514887
2013-10-23,2013-10-23,2013,Hydrological,1.0,2.413294398496929
2013-10-31,2013-10-31,2013,Hydrological,1.0,0.6821325800906566
2013-11-04,2013-11-04,2013,Hydrological,1.0,0.02635751855064361
2013-11-11,2013-11-11,2013,Hydrological,2.0,19.85353727308679
2013-12-14,2013-12-14,2013,Hydrological,1.0,53.073499353575976
2013-12-20,2013-12-20,2013,Hydrological,1.0,0.22667465953553503
2013-12-23,2013-12-23,2013,Hydrological,2.0,0.9994771034404057
2014-01-03,2014-01-04,2014,Hydrological,2.0,27.39877177973052
2014-05-07,2014-05-07,2014,Hydrological,1.0,0.6948915315973249
2014-05-22,2014-05-22,2014,Hydrological,1.0,3.8279004678515873
2014-05-27,2014-05-27,2014,Hydrological,1.0,0.0032896019645599585
2014-05-31,2014-05-31,2014,Hydrological,1.0,20.639760204913312
2014-06-06,2014-06-07,2014,Hydrological,2.0,71.11756843525717
2014-06-14,2014-06-14,2014,Hydrological,1.0,0.002791177424475116
2014-06-18,2014-06-18,2014,Hydrological,2.0,1.7692309740687235
2014-06-21,2014-06-23,2014,Hydrological,2.0,0.010535697928313395
2014-06-27,2014-06-29,2014,Hydrological,3.0,0.41729787170848476
2014-07-01,2014-07-03,2014,Hydrological,3.0,1.1230883031964827
2014-07-05,2014-07-07,2014,Hydrological,4.0,26.94611364355739
2014-07-10,2014-07-12,2014,Hydrological,2.0,1.500606762833434
2014-07-18,2014-07-18,2014,Hydrological,1.0,0.20939164025512094
2014-07-23,2014-07-25,2014,Hydrological,3.0,3.1539995873353956
2014-08-01,2014-08-03,2014,Hydrological,2.0,0.25519336452343916
2014-08-10,2014-08-12,2014,Hydrological,3.0,0.6789728486360952
2014-08-13,2014-08-14,2014,Hydrological,2.0,0.007912987998386955
2014-08-18,2014-08-19,2014,Hydrological,2.0,0.09376611660346092
2014-08-21,2014-08-23,2014,Hydrological,3.0,1.0123301463847192
2014-08-24,2014-08-24,2014,Hydrological,1.0,0.0032896019645599585
2014-08-31,2014-08-31,2014,Hydrological,1.0,0.3717748644492837
2014-09-04,2014-09-05,2014,Hydrological,5.0,15.803247837746039
2014-09-14,2014-09-16,2014,Hydrological,4.0,0.16522773503812516
2014-09-20,2014-09-21,2014,Hydrological,2.0,3.7812105490591392
2014-09-26,2014-09-28,2014,Hydrological,6.0,2.974311061115789
2014-09-30,2014-10-02,2014,Hydrological,4.0,3.2052560717641008
2014-10-04,2014-10-04,2014,Hydrological,2.0,0.3095714818466954
2014-10-07,2014-10-07,2014,Hydrological,1.0,0.35886566886108634
2014-10-13,2014-10-15,2014,Hydrological,2.0,2.499100643985398
2014-10-17,2014-10-17,2014,Hydrological,2.0,3.34642236212963
2014-10-22,2014-10-22,2014,Hydrological,1.0,4.097049719497402
2014-11-04,2014-11-04,2014,Hydrological,1.0,3.040389694517537
2014-11-17,2014-11-17,2014,Hydrological,2.0,1.256029841013802
2014-11-25,2014-11-25,2014,Hydrological,1.0,0.1196218896203621
2014-12-18,2014-12-18,2014,Hydrological,1.0,1.0367230433764716
2015-01-04,2015-01-04,2015,Hydrological,1.0,0.9449976547380178
2015-01-30,2015-01-30,2015,Hydrological,1.0,0.5008086722749993
2015-02-04,2015-02-04,2015,Hydrological,1.0,0.006179730156469893
2015-03-10,2015-03-11,2015,Hydrological,3.0,80.76531520104744
2015-03-13,2015-03-15,2015,Hydrological,4.0,103.00800125125612
2015-03-17,2015-03-17,2015,Hydrological,1.0,0.0017537072065657805
2015-03-21,2015-03-21,2015,Hydrological,1.0,194.77465579855863
2015-04-01,2015-04-01,2015,Hydrological,1.0,2.5288457918678553
2015-04-28,2015-04-28,2015,Hydrological,1.0,0.43767521283863114
2015-05-02,2015-05-02,2015,Hydrological,2.0,3.6340153714722145
2015-05-08,2015-05-08,2015,Hydrological,1.0,0.12526480046898433
2015-05-11,2015-05-12,2015,Hydrological,3.0,32.752235789822514
2015-05-15,2015-05-15,2015,Hydrological,1.0,0.2171256541462395
2015-05-21,2015-05-21,2015,Hydrological,3.0,32.401410838642384
2015-05-24,2015-05-24,2015,Hydrological,1.0,3.6326792136005452
2015-05-29,2015-05-29,2015,Hydrological,1.0,0.03181725931912202
2015-06-11,2015-06-13,2015,Hydrological,2.0,65.68009282990255
2015-06-18,2015-06-20,2015,Hydrological,2.0,0.8732626790027792
2015-06-23,2015-06-25,2015,Hydrological,4.0,2.8447636186506338
2015-07-01,2015-07-01,2015,Hydrological,1.0,16.74364481948726
2015-07-04,2015-07-04,2015,Hydrological,1.0,31.397204688216018
2015-07-09,2015-07-10,2015,Hydrological,2.0,1.9785992783410968
2015-07-15,2015-07-15,2015,Hydrological,1.0,0.32969695483436673
2015-07-19,2015-07-19,2015,Hydrological,1.0,0.017620581932637127
2015-07-22,2015-07-24,2015,Hydrological,4.0,5.442839090244348
2015-08-05,2015-08-05,2015,Hydrological,1.0,0.0013361578716691662
2015-08-09,2015-08-10,2015,Hydrological,2.0,0.4067765620562817
2015-08-15,2015-08-15,2015,Hydrological,1.0,0.30339134673588003
2015-08-30,2015-09-01,2015,Hydrological,2.0,0.8074569038230729
2015-09-03,2015-09-03,2015,Hydrological,1.0,0.0030063552112556233
2015-09-07,2015-09-07,2015,Hydrological,1.0,11.098962380753886
2015-09-11,2015-09-11,2015,Hydrological,1.0,0.35132601038201133
2015-09-18,2015-09-18,2015,Hydrological,2.0,2.6300597506467946
2015-09-25,2015-09-25,2015,Hydrological,1.0,0.41880198290130416
2015-10-03,2015-10-03,2015,Hydrological,2.0,15.48406549583813
2015-10-08,2015-10-08,2015,Hydrological,1.0,1.168553568641665
2015-10-16,2015-10-18,2015,Hydrological,5.0,270.5463314838435
2015-10-24,2015-10-24,2015,Hydrological,1.0,3.9366551294052803
2015-10-29,2015-10-30,2015,Hydrological,3.0,16.045836371008036
2015-11-12,2015-11-12,2015,Hydrological,1.0,0.9991955584075982
2015-11-19,2015-11-19,2015,Hydrological,2.0,0.641940347470055
2015-12-03,2015-12-03,2015,Hydrological,2.0,0.7064934746450715
2016-03-08,2016-03-08,2016,Hydrological,2.0,5.810481212961298
2016-04-24,2016-04-24,2016,Hydrological,1.0,0.003308800468969847
2016-05-31,2016-06-01,2016,Hydrological,2.0,0.7252642730549944
2016-06-17,2016-06-17,2016,Hydrological,1.0,0.4880019210352948
2016-06-20,2016-06-20,2016,Hydrological,1.0,0.2548283360374409
2016-07-10,2016-07-10,2016,Hydrological,1.0,0.01270999545223338
2016-07-19,2016-07-21,2016,Hydrological,2.0,1.5066696114215894
2016-07-22,2016-07-23,2016,Hydrological,2.0,0.4294787994961285
2016-07-25,2016-07-25,2016,Hydrological,1.0,0.2696059641382838
2016-08-02,2016-08-03,2016,Hydrological,3.0,73.95006164128756
2016-08-05,2016-08-07,2016,Hydrological,5.0,157.9722469932115
2016-08-11,2016-08-11,2016,Hydrological,1.0,99.64216269412056
2016-08-17,2016-08-17,2016,Hydrological,1.0,0.6125186302560448
2016-08-20,2016-08-20,2016,Hydrological,3.0,0.6813914695795793
2016-08-23,2016-08-23,2016,Hydrological,1.0,2.031505449415072
2016-08-26,2016-08-26,2016,Hydrological,1.0,7.852396253693034
2016-08-30,2016-09-01,2016,Hydrological,3.0,58.433346254484356
2016-09-02,2016-09-02,2016,Hydrological,2.0,154.64086902052946
2016-09-12,2016-09-14,2016,Hydrological,2.0,0.13249207380509948
2016-09-21,2016-09-21,2016,Hydrological,1.0,0.0007352889931044105
2016-09-25,2016-09-27,2016,Hydrological,2.0,19.098186224324497
2016-10-08,2016-10-08,2016,Hydrological,1.0,0.0562321010916992
2016-10-23,2016-10-23,2016,Hydrological,1.0,0.03874972993660243
2016-10-31,2016-10-31,2016,Hydrological,1.0,0.0052520642364600745
2016-11-03,2016-11-03,2016,Hydrological,2.0,15.395018755967337
2016-11-12,2016-11-12,2016,Hydrological,1.0,0.17871023908594816
2017-03-09,2017-03-09,2017,Hydrological,1.0,0.017796567355475697
2017-04-07,2017-04-07,2017,Hydrological,1.0,2.792546473332622
2017-06-23,2017-06-23,2017,Hydrological,1.0,0.2686389137663561
2017-09-07,2017-09-07,2017,Hydrological,1.0,9.520352141531072
2017-10-01,2017-10-01,2017,Hydrological,1.0,22.003643422564213
2018-01-28,2018-01-30,2018,Hydrological,3.0,65.18012895568819
2018-04-07,2018-04-07,2018,Hydrological,1.0,0.23463373090338926
2018-04-20,2018-04-20,2018,Hydrological,1.0,0.374200938523556
2018-05-21,2018-05-21,2018,Hydrological,1.0,4.061858176553981
2018-06-14,2018-06-14,2018,Hydrological,1.0,80.85204464032353
2018-06-17,2018-06-19,2018,Hydrological,2.0,0.37668999706632567
2018-06-20,2018-06-20,2018,Hydrological,1.0,0.8209437396329232
2018-06-24,2018-06-24,2018,Hydrological,1.0,0.19599608543022848
2018-06-28,2018-06-28,2018,Hydrological,1.0,1.6195357874043186
2018-07-09,2018-07-10,2018,Hydrological,2.0,0.8831206869058421
2018-07-12,2018-07-13,2018,Hydrological,2.0,0.1682129781653805
2018-07-17,2018-07-17,2018,Hydrological,1.0,0.0025764313069553935
2018-07-28,2018-07-28,2018,Hydrological,1.0,0.007820173332046263
2018-08-07,2018-08-07,2018,Hydrological,1.0,0.013242428486240873
2018-08-10,2018-08-12,2018,Hydrological,4.0,2.1502264325211256
2018-08-16,2018-08-17,2018,Hydrological,2.0,15.180649112813978
2018-08-22,2018-08-23,2018,Hydrological,3.0,0.8673506456931057
2018-08-29,2018-08-31,2018,Hydrological,2.0,12.545767952226647
2018-09-01,2018-09-03,2018,Hydrological,3.0,0.13353139083217755
2018-09-04,2018-09-06,2018,Hydrological,7.0,10.339460239414759
2018-09-07,2018-09-08,2018,Hydrological,3.0,1.1361930578475672
2018-09-11,2018-09-13,2018,Hydrological,3.0,0.30595852051077993
2018-09-16,2018-09-18,2018,Hydrological,4.0,2.4748027128843284
2018-09-19,2018-09-19,2018,Hydrological,3.0,4.296806428441261
2018-09-23,2018-09-23,2018,Hydrological,1.0,11.735268719445791
2018-09-27,2018-09-29,2018,Hydrological,2.0,2.458369821913713
2018-10-01,2018-10-03,2018,Hydrological,2.0,0.2374110277797668
2018-10-11,2018-10-11,2018,Hydrological,1.0,1.5813265124652496
2018-10-16,2018-10-18,2018,Hydrological,9.0,45.701630817774344
2018-10-19,2018-10-21,2018,Hydrological,9.0,18.499197706102596
2018-10-23,2018-10-23,2018,Hydrological,2.0,0.9375121364269994
2018-11-02,2018-11-02,2018,Hydrological,1.0,0.0025764313069553935
2018-11-13,2018-11-13,2018,Hydrological,1.0,0.09266110203626998
2018-12-06,2018-12-06,2018,Hydrological,1.0,0.12783325175118626
2019-03-12,2019-03-12,2019,Hydrological,1.0,0.000588537893852667
2019-03-15,2019-03-15,2019,Hydrological,1.0,0.01565931181857989
2019-05-06,2019-05-06,2019,Hydrological,1.0,0.0016920464448264172
2019-05-23,2019-05-23,2019,Hydrological,1.0,0.0015694343836071122
2019-05-30,2019-05-30,2019,Hydrological,1.0,1.3525861953363971
2019-06-02,2019-06-04,2019,Hydrological,3.0,11.92986601383887
2019-06-05,2019-06-05,2019,Hydrological,1.0,0.023982919174496176
2019-06-14,2019-06-14,2019,Hydrological,1.0,0.032001747978238765
2019-06-23,2019-06-24,2019,Hydrological,2.0,4.705743934095847
2019-06-30,2019-07-02,2019,Hydrological,3.0,0.18238830731969366
2019-07-12,2019-07-12,2019,Hydrological,1.0,0.0009008132977694929
2019-07-16,2019-07-16,2019,Hydrological,1.0,0.03592883713900567
2019-07-21,2019-07-21,2019,Hydrological,1.0,0.17183204579448402
2019-07-24,2019-07-24,2019,Hydrological,2.0,0.0056611740265827964
2019-07-28,2019-07-29,2019,Hydrological,2.0,0.005405440298896816
2019-08-04,2019-08-06,2019,Hydrological,3.0,0.01375707326880609
2019-08-17,2019-08-19,2019,Hydrological,4.0,3.1013441554361325
2019-08-21,2019-08-23,2019,Hydrological,5.0,3.2249904625766
2019-08-24,2019-08-26,2019,Hydrological,4.0,0.39530128537104137
2019-08-28,2019-08-30,2019,Hydrological,2.0,0.011303500827755312
2019-09-06,2019-09-08,2019,Hydrological,3.0,0.18800059066266567
2019-09-16,2019-09-18,2019,Hydrological,3.0,29.801817252344016
2019-09-21,2019-09-21,2019,Hydrological,1.0,1.7550203440817933
2019-09-24,2019-09-26,2019,Hydrological,3.0,1.4476460369412243
2019-10-07,2019-10-07,2019,Hydrological,1.0,17.979011864659764
2019-10-10,2019-10-10,2019,Hydrological,1.0,0.005149706571210836
2019-10-13,2019-10-13,2019,Hydrological,2.0,14.412504974581402
2019-10-16,2019-10-16,2019,Hydrological,1.0,1.2839467587720734
2019-10-23,2019-10-25,2019,Hydrological,3.0,0.8734014543917917
2019-10-26,2019-10-28,2019,Hydrological,3.0,0.259621651051192
2019-10-31,2019-11-02,2019,Hydrological,4.0,0.8686464789248356
2019-11-03,2019-11-03,2019,Hydrological,1.0,0.17369224592326835
2019-11-14,2019-11-14,2019,Hydrological,1.0,2.309395983169622
2019-11-27,2019-11-28,2019,Hydrological,5.0,61.353118146291216
2019-12-11,2019-12-11,2019,Hydrological,1.0,0.6762966014177212
2019-12-18,2019-12-18,2019,Hydrological,1.0,1.1160092997255227
2020-03-12,2020-03-12,2020,Hydrological,2.0,0.6338022228066793
2020-03-16,2020-03-16,2020,Hydrological,1.0,0.022563933613901285
2020-04-24,2020-04-24,2020,Hydrological,1.0,0.01094024227642674
2020-05-05,2020-05-05,2020,Hydrological,1.0,0.0021376187441231663
2020-05-08,2020-05-08,2020,Hydrological,1.0,0.09813747313211266
2020-05-21,2020-05-21,2020,Hydrological,1.0,0.15614911666474862
2020-05-30,2020-05-30,2020,Hydrological,1.0,0.021718464805405156
2020-06-11,2020-06-11,2020,Hydrological,2.0,0.2077707429294339
2020-06-24,2020-06-25,2020,Hydrological,4.0,0.41730204091476775
2020-07-01,2020-07-02,2020,Hydrological,3.0,0.06425700222191633
2020-07-07,2020-07-07,2020,Hydrological,1.0,0.016313358878789715
2020-07-12,2020-07-13,2020,Hydrological,3.0,0.16289529266382033
2020-07-22,2020-07-22,2020,Hydrological,1.0,0.15403481321722193
2020-07-25,2020-07-25,2020,Hydrological,1.0,0.02774057200896728
2020-07-28,2020-07-30,2020,Hydrological,3.0,19.80856271809442
2020-08-03,2020-08-05,2020,Hydrological,3.0,0.01629329101730952
2020-08-06,2020-08-08,2020,Hydrological,4.0,5.097127277284392
2020-08-09,2020-08-11,2020,Hydrological,3.0,1.9168651817659772
2020-08-13,2020-08-13,2020,Hydrological,1.0,0.0010261974620553937
2020-08-19,2020-08-19,2020,Hydrological,2.0,0.024642651317356226
2020-08-23,2020-08-23,2020,Hydrological,3.0,2.7201781834194536
2020-08-26,2020-08-27,2020,Hydrological,2.0,38.15181619669965
2020-08-29,2020-08-29,2020,Hydrological,1.0,0.0091458711759437
2020-09-04,2020-09-05,2020,Hydrological,3.0,13.774235056765809
2020-09-10,2020-09-11,2020,Hydrological,3.0,24.006703901982842
2020-09-13,2020-09-15,2020,Hydrological,4.0,0.5593669750461385
2020-09-16,2020-09-18,2020,Hydrological,4.0,8.819744463695473
2020-09-24,2020-09-25,2020,Hydrological,4.0,0.01260384565414248
2020-09-27,2020-09-29,2020,Hydrological,4.0,4.0318653570186065
2020-10-01,2020-10-01,2020,Hydrological,1.0,229.08558567613366
2020-10-26,2020-10-27,2020,Hydrological,2.0,6.962519136154889
2020-10-29,2020-10-30,2020,Hydrological,2.0,813.5383253873616
2020-11-06,2020-11-06,2020,Hydrological,1.0,22.898626664698863
2020-11-21,2020-11-21,2020,Hydrological,1.0,2.623090807181886
2020-12-17,2020-12-17,2020,Hydrological,1.0,0.42638422238240575
2021-01-19,2021-01-19,2021,Hydrological,1.0,0.008365901580631892
2021-01-22,2021-01-22,2021,Hydrological,1.0,0.0006094342510111359
2021-03-18,2021-03-18,2021,Hydrological,1.0,0.01690202697255284
2021-04-30,2021-04-30,2021,Hydrological,1.0,0.0016263671976388446
2021-05-11,2021-05-13,2021,Hydrological,3.0,0.02716387341432884
2021-05-15,2021-05-17,2021,Hydrological,4.0,2.2974952938508664
2021-05-18,2021-05-20,2021,Hydrological,7.0,0.18442733740042674
2021-05-21,2021-05-22,2021,Hydrological,2.0,0.04454812361812919
2021-06-04,2021-06-06,2021,Hydrological,2.0,0.09475873440976891
2021-06-07,2021-06-07,2021,Hydrological,1.0,0.0006094342510111359
2021-06-12,2021-06-12,2021,Hydrological,4.0,0.02371326290382063
2021-06-15,2021-06-16,2021,Hydrological,3.0,4.6468059206732555
2021-06-18,2021-06-18,2021,Hydrological,1.0,0.021517912601357148
2021-06-22,2021-06-22,2021,Hydrological,3.0,0.024869166897766498
2021-06-25,2021-06-27,2021,Hydrological,4.0,7.483004208117643
2021-07-01,2021-07-03,2021,Hydrological,3.0,0.09490573796634784
2021-07-07,2021-07-09,2021,Hydrological,8.0,9.386956027676616
2021-07-10,2021-07-11,2021,Hydrological,3.0,0.069189961866709
2021-07-13,2021-07-14,2021,Hydrological,2.0,0.017140338309688197
2021-07-16,2021-07-16,2021,Hydrological,4.0,0.19113551167364182
2021-07-19,2021-07-19,2021,Hydrological,1.0,0.0011426892206458797
2021-07-22,2021-07-24,2021,Hydrological,3.0,0.5356767681074829
2021-07-25,2021-07-27,2021,Hydrological,2.0,0.339142343035389
2021-07-31,2021-08-02,2021,Hydrological,3.0,0.004113681194325167
2021-08-04,2021-08-06,2021,Hydrological,4.0,0.06894338628888068
2021-08-07,2021-08-08,2021,Hydrological,2.0,0.23366958323543544
2021-08-10,2021-08-12,2021,Hydrological,4.0,0.09745454816296613
2021-08-17,2021-08-17,2021,Hydrological,1.0,0.012347262299822555
2021-08-20,2021-08-20,2021,Hydrological,1.0,0.9635271317097315
2021-08-23,2021-08-25,2021,Hydrological,2.0,0.18546571568048117
2021-09-01,2021-09-02,2021,Hydrological,8.0,0.4739325567250954
2021-09-04,2021-09-06,2021,Hydrological,5.0,56.319782112029316
2021-09-07,2021-09-09,2021,Hydrological,2.0,0.009660949364030556
2021-09-11,2021-09-12,2021,Hydrological,5.0,0.5860438324498011
2021-09-15,2021-09-17,2021,Hydrological,4.0,7.3137124352676866
2021-09-18,2021-09-18,2021,Hydrological,3.0,0.07932330569149783
2021-09-22,2021-09-22,2021,Hydrological,1.0,0.000710571316000365
2021-09-25,2021-09-27,2021,Hydrological,3.0,0.0023796956468053877
2021-09-29,2021-10-01,2021,Hydrological,4.0,0.009660949364030554
2021-10-02,2021-10-02,2021,Hydrological,2.0,0.2970795911356471
2021-10-05,2021-10-06,2021,Hydrological,4.0,0.06926540526659183
2021-10-08,2021-10-09,2021,Hydrological,2.0,0.4635890168160336
2021-10-17,2021-10-18,2021,Hydrological,3.0,0.01576911124491314
2021-10-23,2021-10-23,2021,Hydrological,1.0,0.025121975011812646
2021-11-12,2021-11-12,2021,Hydrological,1.0,0.006246701072864142
2021-11-22,2021-11-22,2021,Hydrological,1.0,0.08535888478224722
2021-12-13,2021-12-14,2021,Hydrological,3.0,0.01318917034591496
2021-12-31,2021-12-31,2021,Hydrological,1.0,0.04263984125675732
2022-01-13,2022-01-13,2023,Hydrological,1.0,0.0020107130012608425
2022-02-14,2022-02-14,2022,Hydrological,1.0,0.0011163882297833083
2022-04-08,2022-04-08,2022,Hydrological,1.0,0.016745823446749627
2022-04-19,2022-04-19,2022,Hydrological,1.0,0.0017760721837461726
2022-04-26,2022-04-26,2022,Hydrological,3.0,0.040430168891334294
2022-05-11,2022-05-11,2022,Hydrological,1.0,9.923450931407187e-05
2022-05-22,2022-05-22,2022,Hydrological,2.0,0.00035613912194966114
2022-05-25,2022-05-25,2022,Hydrological,1.0,0.0004973002114489284
2022-06-11,2022-06-11,2022,Hydrological,1.0,0.0005683430987987753
2022-06-16,2022-06-18,2022,Hydrological,3.0,34.63473456768884
2022-06-21,2022-06-21,2022,Hydrological,1.0,0.0034811014801424986
2022-06-29,2022-06-29,2022,Hydrological,1.0,0.002308065065095633
2022-07-03,2022-07-04,2022,Hydrological,2.0,0.0012077330790378764
2022-07-14,2022-07-16,2022,Hydrological,3.0,0.0009235609970930915
2022-07-27,2022-07-28,2022,Hydrological,2.0,0.020529634115295313
2022-07-31,2022-07-31,2022,Hydrological,1.0,0.0017760788405636375
2022-08-03,2022-08-05,2022,Hydrological,2.0,0.04153834393972931
2022-08-07,2022-08-08,2022,Hydrological,2.0,0.024458245741248313
2022-08-10,2022-08-10,2022,Hydrological,1.0,0.016566524731057155
2022-08-13,2022-08-15,2022,Hydrological,6.0,0.0241710940678062
2022-08-17,2022-08-19,2022,Hydrological,4.0,0.19191869399996073
2022-08-21,2022-08-23,2022,Hydrological,2.0,0.0033390157054428047
2022-08-24,2022-08-26,2022,Hydrological,4.0,0.025985763187499747
2022-08-27,2022-08-29,2022,Hydrological,8.0,0.09030220815103411
2022-08-31,2022-09-01,2022,Hydrological,2.0,0.012323398876372179
2022-09-03,2022-09-03,2022,Hydrological,2.0,0.009692279631300541
2022-09-06,2022-09-08,2022,Hydrological,6.0,0.2149070496075376
2022-09-09,2022-09-11,2022,Hydrological,6.0,103.74421608788371
2022-09-13,2022-09-15,2022,Hydrological,3.0,0.005021612203314774
2022-09-17,2022-09-19,2022,Hydrological,5.0,31.983647198271065
2022-09-20,2022-09-21,2022,Hydrological,4.0,0.18382749839229517
2022-09-24,2022-09-26,2022,Hydrological,3.0,0.015251678133553648
2022-09-28,2022-09-29,2022,Hydrological,2.0,0.10948185835014601
2022-10-04,2022-10-04,2022,Hydrological,1.0,0.00028417154939938764
2022-10-14,2022-10-15,2022,Hydrological,2.0,74.22812978234992
2022-10-19,2022-10-19,2022,Hydrological,1.0,0.001420857746996938
2022-10-30,2022-10-30,2022,Hydrological,1.0,0.003970669132424096
2022-11-03,2022-11-03,2022,Hydrological,2.0,0.008169932045232395
2022-11-08,2022-11-08,2022,Hydrological,1.0,0.012335687201648928
2022-11-16,2022-11-16,2022,Hydrological,1.0,0.005896559650037293
2022-11-22,2022-11-22,2022,Hydrological,2.0,17.690237618192175
2022-12-01,2022-12-01,2022,Hydrological,1.0,0.010301218665727802
2022-12-23,2022-12-23,2022,Hydrological,2.0,0.0018764343579388133
2023-01-15,2023-01-15,2023,Hydrological,1.0,0.0010053565006304212
2023-01-25,2023-01-25,2023,Hydrological,2.0,0.06889026813279556
2023-02-10,2023-02-12,2023,Hydrological,3.0,6.076623246677072
2023-03-28,2023-03-28,2023,Hydrological,1.0,0.11794113305736303
2023-04-06,2023-04-06,2023,Hydrological,2.0,0.018344183990697087
2023-05-10,2023-05-10,2023,Hydrological,1.0,0.00023200534629932794
2023-05-20,2023-05-22,2023,Hydrological,3.0,0.014742948955956762
2023-06-02,2023-06-02,2023,Hydrological,1.0,7.733513688247698e-05
2023-06-05,2023-06-05,2023,Hydrological,1.0,0.022697242608860177
2023-06-10,2023-06-10,2023,Hydrological,1.0,0.0003866755771655466
2023-06-20,2023-06-20,2023,Hydrological,1.0,0.0015467023086621864
2023-06-25,2023-06-25,2023,Hydrological,1.0,0.0056534950553853176
2023-07-01,2023-07-01,2023,Hydrological,1.0,0.008506862697642026
2023-07-09,2023-07-09,2023,Hydrological,1.0,0.0006186809234648746
2023-07-21,2023-07-22,2023,Hydrological,3.0,0.21490904808491001
2023-07-26,2023-07-26,2023,Hydrological,1.0,0.28967910465277885
2023-07-29,2023-07-30,2023,Hydrological,7.0,0.13202717544708367
2023-08-02,2023-08-04,2023,Hydrological,3.0,31.16657642481656
2023-08-09,2023-08-09,2023,Hydrological,1.0,0.009920990522704594
2023-08-19,2023-08-19,2023,Hydrological,2.0,0.0008506862697642025
2023-08-28,2023-08-29,2023,Hydrological,2.0,0.01128391233029218
2023-09-01,2023-09-02,2023,Hydrological,2.0,0.04487970958200872
2023-09-06,2023-09-06,2023,Hydrological,1.0,0.00013134694208480474
2023-09-16,2023-09-16,2023,Hydrological,1.0,0.0007473518250473906
2023-10-05,2023-10-05,2023,Hydrological,1.0,0.0030934046173243727
2023-10-10,2023-10-10,2023,Hydrological,1.0,0.0036531635480783063
2023-10-15,2023-10-15,2023,Hydrological,1.0,24.760466502776968
2023-10-20,2023-10-20,2023,Hydrological,1.0,16.495264714147996
2023-10-31,2023-10-31,2023,Hydrological,1.0,1.226333533206714
2023-11-09,2023-11-09,2023,Hydrological,1.0,0.051967093214166926
2023-12-10,2023-12-10,2023,Hydrological,1.0,0.01189699033109323
2024-06-22,2024-06-22,2022,Hydrological,1.0,0.04406695578461204
2000-01-01,2000-01-04,2000,Meteorological,2.0,109.51492155828164
2000-06-18,2000-06-18,2000,Meteorological,1.0,10.786522268554535
2000-08-15,2000-08-15,2000,Meteorological,1.0,0.04893419522071928
2000-09-16,2000-09-20,2000,Meteorological,5.0,27.695405914743866
2000-09-24,2000-09-24,2000,Meteorological,2.0,10.648003818303758
2000-09-30,2000-10-03,2000,Meteorological,4.0,37.79781272176779
2000-10-06,2000-10-06,2000,Meteorological,1.0,22.27083845478405
2000-11-06,2000-11-06,2000,Meteorological,1.0,0.02697160366496339
2001-09-26,2001-09-26,2001,Meteorological,1.0,161.21374255276424
2001-10-07,2001-10-10,2001,Meteorological,3.0,39.63262035349965
2002-02-12,2002-02-12,2002,Meteorological,1.0,0.288970062329106
2002-05-09,2002-05-09,2002,Meteorological,1.0,0.10836377337341473
2002-06-17,2002-06-17,2002,Meteorological,1.0,0.05418188668670736
2003-03-18,2003-03-18,2003,Meteorological,2.0,0.04553453294985546
2004-02-21,2004-02-21,2004,Meteorological,1.0,0.0014715216539537652
2004-04-22,2004-04-22,2004,Meteorological,1.0,0.017658259847445183
2004-05-12,2004-05-14,2004,Meteorological,3.0,0.09859195081490227
2004-06-15,2004-06-15,2004,Meteorological,1.0,0.005886086615815061
2004-06-29,2004-06-29,2004,Meteorological,1.0,0.005886086615815061
2004-07-05,2004-07-05,2004,Meteorological,1.0,0.029430433079075304
2004-07-22,2004-07-22,2004,Meteorological,1.0,0.023544346463260243
2004-07-29,2004-07-29,2004,Meteorological,1.0,0.06180390946605814
2004-09-05,2004-09-05,2004,Meteorological,1.0,0.16922499020468298
2004-09-11,2004-09-11,2004,Meteorological,1.0,0.035316519694890365
2004-10-22,2004-10-22,2004,Meteorological,1.0,0.005886086615815061
2005-04-26,2005-04-26,2005,Meteorological,1.0,0.10096327557746461
2005-05-04,2005-05-04,2005,Meteorological,2.0,5.295192172840866
2005-06-28,2005-06-28,2005,Meteorological,1.0,1.47686426465138
2005-07-17,2005-07-18,2005,Meteorological,4.0,646.7840085971244
2005-08-22,2005-08-22,2005,Meteorological,1.0,0.40414788559621606
2005-10-04,2005-10-05,2005,Meteorological,5.0,3104.2684579798392
2005-10-21,2005-10-21,2005,Meteorological,2.0,2766.9685782309275
2006-01-18,2006-01-18,2006,Meteorological,1.0,14.005498203275572
2006-04-01,2006-04-01,2006,Meteorological,1.0,0.039441169190069465
2006-04-16,2006-04-16,2006,Meteorological,1.0,0.01027928003476785
2006-04-23,2006-04-23,2006,Meteorological,1.0,0.001997606753423219
2006-05-05,2006-05-05,2006,Meteorological,1.0,0.12748148947451698
2006-08-30,2006-09-01,2006,Meteorological,3.0,142.4785003323717
2006-09-15,2006-09-16,2006,Meteorological,2.0,293.6618984599262
2006-10-24,2006-10-24,2006,Meteorological,1.0,17.610833751787762
2006-11-19,2006-11-19,2006,Meteorological,1.0,0.06716081824938183
2006-12-03,2006-12-03,2006,Meteorological,1.0,0.011319771602731574
2007-02-01,2007-02-01,2007,Meteorological,1.0,0.011075225721571578
2007-04-24,2007-04-24,2007,Meteorological,1.0,17.32857504461393
2007-06-02,2007-06-02,2007,Meteorological,1.0,42.58424289944272
2007-07-02,2007-07-02,2007,Meteorological,1.0,0.16086765360582717
2007-08-20,2007-08-22,2007,Meteorological,8.0,1326.100181311021
2007-09-04,2007-09-04,2007,Meteorological,3.0,124.12559227451348
2007-09-28,2007-09-28,2007,Meteorological,3.0,60.068286425123205
2008-01-01,2008-01-01,2008,Meteorological,1.0,0.03805754658104992
2008-01-23,2008-01-23,2008,Meteorological,1.0,2.8058800681694556
2008-03-18,2008-03-18,2008,Meteorological,3.0,7.596895019342845
2008-05-11,2008-05-13,2008,Meteorological,2.0,0.10991276555735609
2008-06-01,2008-06-01,2008,Meteorological,2.0,0.26057938784618134
2008-06-10,2008-06-10,2008,Meteorological,1.0,0.0030436088263945055
2008-06-24,2008-06-24,2008,Meteorological,2.0,0.028646838997744624
2008-07-23,2008-07-23,2008,Meteorological,1.0,37.642568517408186
2008-09-08,2008-09-08,2008,Meteorological,1.0,49.56173340528861
2008-10-11,2008-10-11,2008,Meteorological,2.0,90.99552580317899
2008-10-29,2008-10-29,2008,Meteorological,1.0,0.19413642535669043
2008-12-10,2008-12-10,2008,Meteorological,1.0,0.00305303419566334
2009-01-31,2009-01-31,2009,Meteorological,1.0,0.14607085844791673
2009-02-28,2009-02-28,2009,Meteorological,1.0,0.027699362787160505
2009-03-27,2009-04-01,2009,Meteorological,2.0,0.13059513789822144
2009-06-22,2009-06-22,2009,Meteorological,2.0,0.19747698055799467
2009-07-01,2009-07-01,2009,Meteorological,1.0,0.0056727429383017615
2009-07-28,2009-07-28,2009,Meteorological,1.0,0.07563657251069016
2009-08-17,2009-08-17,2009,Meteorological,1.0,0.11156394445326796
2009-09-01,2009-09-03,2009,Meteorological,2.0,250.18151029872078
2009-10-12,2009-10-12,2009,Meteorological,2.0,0.7300729705862765
2009-10-21,2009-10-21,2009,Meteorological,3.0,23.213256222635266
2009-12-01,2009-12-01,2009,Meteorological,1.0,0.014181857345754403
2010-05-29,2010-05-29,2010,Meteorological,1.0,0.08555247966407281
2010-06-30,2010-06-30,2010,Meteorological,3.0,2849.912132951614
2010-08-19,2010-08-19,2010,Meteorological,1.0,0.02133267636074186
2010-09-17,2010-09-17,2010,Meteorological,2.0,2838.4157353020028
2011-03-23,2011-03-23,2011,Meteorological,1.0,0.005118715275787444
2011-04-28,2011-04-28,2011,Meteorological,1.0,0.5951572907118693
2011-05-15,2011-05-15,2011,Meteorological,1.0,0.22068847000434463
2011-06-22,2011-06-23,2011,Meteorological,2.0,0.0491329314958808
2011-06-29,2011-06-30,2011,Meteorological,2.0,319.79746173374747
2011-07-29,2011-07-29,2011,Meteorological,1.0,345.44031697246686
2011-08-23,2011-08-23,2011,Meteorological,1.0,0.007083134515398853
2011-09-08,2011-09-08,2011,Meteorological,1.0,0.23299134707071095
2011-10-12,2011-10-12,2011,Meteorological,2.0,381.5287189496321
2012-01-31,2012-01-31,2012,Meteorological,2.0,0.08133675321377878
2012-03-10,2012-03-11,2012,Meteorological,2.0,2.6990522597062103
2012-03-19,2012-03-20,2012,Meteorological,2.0,0.9743230071454219
2012-03-30,2012-04-03,2012,Meteorological,6.0,57.65987334330864
2012-04-16,2012-04-17,2012,Meteorological,2.0,2.803679958196129
2012-04-23,2012-04-24,2012,Meteorological,2.0,9.031388236631486
2012-06-01,2012-06-01,2012,Meteorological,2.0,16.798529439253908
2012-06-15,2012-06-17,2012,Meteorological,2.0,281.39456109136074
2012-08-07,2012-08-10,2012,Meteorological,6.0,851.3505509383183
2012-08-16,2012-08-16,2012,Meteorological,1.0,0.6778754406872839
2012-08-25,2012-08-25,2012,Meteorological,1.0,3.137171020958491
2012-09-27,2012-09-27,2012,Meteorological,1.0,1.1930773749470103
2012-10-16,2012-10-16,2012,Meteorological,1.0,190.2408559989419
2013-04-23,2013-04-23,2013,Meteorological,1.0,0.2973128092512599
2013-05-11,2013-05-14,2013,Meteorological,3.0,24.142748981870128
2013-05-26,2013-05-29,2013,Meteorological,3.0,202.15900438121042
2013-06-07,2013-06-07,2013,Meteorological,1.0,0.021086014840514887
2013-06-18,2013-06-19,2013,Meteorological,2.0,477.67203718960405
2013-07-05,2013-07-05,2013,Meteorological,1.0,7.5066212832233
2013-07-26,2013-07-26,2013,Meteorological,1.0,1.324201731984335
2013-08-15,2013-08-15,2013,Meteorological,1.0,0.021086014840514887
2013-08-24,2013-08-25,2013,Meteorological,3.0,177.12674186329315
2013-09-05,2013-09-09,2013,Meteorological,4.0,166.26111841597586
2013-09-12,2013-09-17,2013,Meteorological,17.0,3719.416981357007
2013-09-18,2013-09-21,2013,Meteorological,4.0,339.9023420261319
2013-10-20,2013-10-20,2013,Meteorological,1.0,0.7759653461309479
2013-11-03,2013-11-03,2013,Meteorological,1.0,0.9277846529826551
2014-03-23,2014-03-23,2014,Meteorological,1.0,0.40565233890448743
2014-04-27,2014-04-27,2014,Meteorological,1.0,1.3027130888922052
2014-05-29,2014-06-03,2014,Meteorological,4.0,49.230580606581924
2014-06-09,2014-06-09,2014,Meteorological,1.0,6.290117695870708
2014-06-29,2014-06-29,2014,Meteorological,1.0,6.459582039499554
2014-07-20,2014-07-24,2014,Meteorological,4.0,4.60903091064171
2014-08-06,2014-08-08,2014,Meteorological,2.0,5.981094481018106
2014-08-17,2014-08-22,2014,Meteorological,3.0,0.20031682266009804
2014-09-02,2014-09-05,2014,Meteorological,5.0,55.91448006574632
2014-09-14,2014-09-16,2014,Meteorological,3.0,2408.2482674008197
2014-09-20,2014-09-20,2014,Meteorological,1.0,1.764422871900341
2014-10-17,2014-10-17,2014,Meteorological,1.0,10.646348176212227
2015-01-09,2015-01-09,2015,Meteorological,1.0,3.421482760009838
2015-02-13,2015-02-13,2015,Meteorological,1.0,0.07908384402941876
2015-03-04,2015-03-04,2015,Meteorological,1.0,0.8749328763423658
2015-03-11,2015-03-11,2015,Meteorological,1.0,0.48502530741590727
2015-04-13,2015-04-13,2015,Meteorological,1.0,0.5980976673059105
2015-04-24,2015-04-26,2015,Meteorological,2.0,0.08593165312172324
2015-05-25,2015-05-26,2015,Meteorological,2.0,21.48541857644019
2015-06-07,2015-06-07,2015,Meteorological,1.0,1.4964133064024867
2015-07-03,2015-07-03,2015,Meteorological,1.0,0.5657793487849125
2015-09-19,2015-09-20,2015,Meteorological,2.0,69.05255529799553
2015-09-28,2015-09-28,2015,Meteorological,1.0,0.41170364420806177
2015-10-06,2015-10-06,2015,Meteorological,1.0,1.812748682520162
2015-10-20,2015-10-22,2015,Meteorological,5.0,355.49507347122005
2016-03-07,2016-03-08,2016,Meteorological,3.0,4.887167549888862
2016-03-29,2016-03-29,2016,Meteorological,1.0,0.6173753190967842
2016-05-03,2016-05-03,2016,Meteorological,1.0,4.746642128710243
2016-05-14,2016-05-17,2016,Meteorological,3.0,0.4082748856505993
2016-09-05,2016-09-06,2016,Meteorological,3.0,205.75647285811533
2016-12-18,2016-12-18,2016,Meteorological,1.0,0.00036764449655220526
2017-04-19,2017-04-19,2017,Meteorological,1.0,0.0041154562009537545
2017-05-29,2017-05-29,2017,Meteorological,1.0,0.0047605817675897485
2017-06-06,2017-06-06,2017,Meteorological,1.0,0.06673712758303386
2017-06-14,2017-06-14,2017,Meteorological,1.0,286.888509242203
2017-08-09,2017-08-09,2017,Meteorological,1.0,2.914255520596514
2017-08-31,2017-08-31,2017,Meteorological,1.0,21.170612610180246
2017-09-09,2017-09-12,2017,Meteorological,2.0,15.571996436041234
2017-09-15,2017-09-15,2017,Meteorological,1.0,45.417759470642196
2018-01-24,2018-01-24,2018,Meteorological,1.0,0.0009087941118008443
2018-02-06,2018-02-06,2018,Meteorological,1.0,0.0020447867515518995
2018-03-16,2018-03-16,2018,Meteorological,1.0,0.001863027929191731
2018-04-10,2018-04-11,2018,Meteorological,2.0,0.17562485158870395
2018-04-22,2018-04-22,2018,Meteorological,1.0,0.3260877420908488
2018-05-09,2018-05-09,2018,Meteorological,1.0,0.0002921123930788428
2018-06-10,2018-06-15,2018,Meteorological,3.0,0.6193971306141974
2018-06-21,2018-06-21,2018,Meteorological,1.0,0.005152862613910787
2018-08-08,2018-08-08,2018,Meteorological,1.0,1.0777796581931653
2018-08-23,2018-08-24,2018,Meteorological,3.0,0.20354131894273253
2018-09-18,2018-09-20,2018,Meteorological,2.0,273.82814133193796
2018-09-26,2018-10-01,2018,Meteorological,2.0,2.30026172669521
2018-10-12,2018-10-12,2018,Meteorological,1.0,0.8664218268440003
2018-10-23,2018-10-23,2018,Meteorological,2.0,235.4701530084049
2019-03-12,2019-03-12,2019,Meteorological,1.0,0.00022070171019475014
2019-04-08,2019-04-08,2019,Meteorological,1.0,0.00019617929795088902
2019-04-17,2019-04-17,2019,Meteorological,1.0,0.07471660091956159
2019-09-04,2019-09-04,2019,Meteorological,1.0,54.85191000890378
2019-09-19,2019-09-20,2019,Meteorological,2.0,49.549297779782876
2019-09-28,2019-09-30,2019,Meteorological,6.0,204.36720594126848
2020-02-06,2020-02-06,2020,Meteorological,1.0,0.0060247585486162885
2020-03-21,2020-03-21,2020,Meteorological,1.0,1.1286005313172511
2020-04-02,2020-04-02,2020,Meteorological,1.0,0.0009398454101050719
2020-05-19,2020-05-19,2020,Meteorological,1.0,0.8793007618423829
2020-05-30,2020-05-30,2020,Meteorological,5.0,141.7227897355038
2020-07-06,2020-07-06,2020,Meteorological,1.0,0.07383765365245153
2020-07-14,2020-07-15,2020,Meteorological,3.0,3.893277546799659
2020-07-24,2020-07-28,2020,Meteorological,5.0,44.06685812498048
2020-08-19,2020-08-24,2020,Meteorological,3.0,37.22509821953154
2020-08-28,2020-08-28,2020,Meteorological,1.0,26.537479705356574
2020-09-22,2020-09-22,2020,Meteorological,1.0,0.26592397250316285
2020-10-02,2020-10-06,2020,Meteorological,5.0,30.995574822038535
2020-10-12,2020-10-12,2020,Meteorological,1.0,0.011740642167813828
2020-12-24,2020-12-24,2020,Meteorological,1.0,0.00468788831954903
2021-02-14,2021-02-14,2021,Meteorological,1.0,0.00030402615696700655
2021-04-06,2021-04-06,2021,Meteorological,1.0,0.0013225137828064785
2021-04-14,2021-04-14,2021,Meteorological,1.0,0.0001825884363148443
2021-05-15,2021-05-15,2021,Meteorological,1.0,0.055500147696461694
2021-05-28,2021-05-28,2021,Meteorological,1.0,0.0007617928137639198
2021-06-18,2021-06-18,2021,Meteorological,2.0,0.016785007738733006
2021-07-02,2021-07-05,2021,Meteorological,2.0,0.14358554250923172
2021-08-20,2021-08-21,2021,Meteorological,3.0,314.7299177467953
2021-08-27,2021-08-28,2021,Meteorological,5.0,220.21365179080337
2021-09-09,2021-09-11,2021,Meteorological,2.0,21.872883267189017
2021-10-06,2021-10-06,2021,Meteorological,1.0,6.840588531757648e-05
2021-10-12,2021-10-13,2021,Meteorological,2.0,110.9082373541594
2021-10-24,2021-10-24,2021,Meteorological,1.0,29.762304819293835
2022-01-02,2022-01-02,2022,Meteorological,1.0,0.0007121671016749268
2022-01-08,2022-01-10,2022,Meteorological,2.0,0.008693153903889986
2022-02-08,2022-02-08,2022,Meteorological,1.0,0.008186847018410928
2022-03-12,2022-03-12,2022,Meteorological,2.0,0.0012900486210829345
2022-04-03,2022-04-03,2022,Meteorological,1.0,0.001148285036348546
2022-04-09,2022-04-09,2022,Meteorological,1.0,0.003400715083798794
2022-04-21,2022-04-26,2022,Meteorological,2.0,0.0005672154339202062
2022-05-02,2022-05-06,2022,Meteorological,3.0,0.0027998307985041705
2022-05-30,2022-05-30,2022,Meteorological,1.0,340.0302361115965
2022-06-12,2022-06-12,2022,Meteorological,1.0,6.379361313047477e-05
2022-06-20,2022-06-20,2022,Meteorological,1.0,0.020876663595562294
2022-07-09,2022-07-14,2022,Meteorological,5.0,0.0093192701901039
2022-08-02,2022-08-02,2022,Meteorological,1.0,4.961725465703593e-05
2022-08-21,2022-08-21,2022,Meteorological,2.0,0.002213445061648291
2022-09-02,2022-09-07,2022,Meteorological,2.0,36.95545644778962
2022-09-09,2022-09-10,2022,Meteorological,2.0,24.584967268634667
2022-09-15,2022-09-15,2022,Meteorological,1.0,0.023311468553937394
2022-09-22,2022-09-22,2022,Meteorological,1.0,9.923450931407187e-05
2022-10-23,2022-10-23,2022,Meteorological,1.0,52.75640716716054
2023-02-15,2023-02-15,2023,Meteorological,1.0,0.01719014064726978
2023-03-13,2023-03-14,2023,Meteorological,3.0,0.011151865385194798
2023-04-10,2023-04-11,2023,Meteorological,2.0,0.021167725881405346
2023-04-16,2023-04-21,2023,Meteorological,6.0,0.0064700061056070625
2023-04-23,2023-04-26,2023,Meteorological,2.0,0.05239673274435087
2023-05-04,2023-05-04,2023,Meteorological,1.0,0.00023200534629932794
2023-05-11,2023-05-16,2023,Meteorological,3.0,0.09229884649865856
2023-05-24,2023-05-28,2023,Meteorological,2.0,0.0004166626627416502
2023-05-31,2023-06-05,2023,Meteorological,3.0,0.012507595857485461
2023-06-10,2023-06-10,2023,Meteorological,1.0,0.0004398105884495197
2023-07-23,2023-07-23,2023,Meteorological,1.0,0.012894490276172538
2023-08-19,2023-08-19,2023,Meteorological,1.0,24.72648322608955
2023-09-01,2023-09-01,2023,Meteorological,1.0,0.0002123646820623478
2023-09-18,2023-09-18,2023,Meteorological,1.0,24.77489549472958
2023-10-09,2023-10-11,2023,Meteorological,4.0,46.69826697368754
2023-10-24,2023-10-24,2023,Meteorological,1.0,4881.587385527367
