start_date,year,cause,econ_loss,database
1974-06-22 00:00:00,1974,Climatological,0.165656,DesInventar
1974-09-28 00:00:00,1974,Climatological,0.20707,DesInventar
1975-01-19 00:00:00,1975,Climatological,0.41414,DesInventar
1975-12-08 00:00:00,1975,Climatological,0.124242,DesInventar
1976-02-09 00:00:00,1976,Climatological,0.0006484914682705537,DesInventar
1976-06-03 00:00:00,1976,Climatological,0.20707,DesInventar
1976-08-30 00:00:00,1976,Climatological,0.248484,DesInventar
1977-07-06 00:00:00,1977,Climatological,0.496968,DesInventar
1977-08-09 00:00:00,1977,Climatological,0.041414,DesInventar
1979-02-07 00:00:00,1979,Climatological,0.165656,DesInventar
1979-07-11 00:00:00,1979,Climatological,0.082828,DesInventar
1979-09-01 00:00:00,1979,Climatological,0.496968,DesInventar
1979-10-17 00:00:00,1979,Climatological,0.480695,DesInventar
1980-07-27 00:00:00,1980,Meteorological,0.755793,DesInventar
1981-06-26 00:00:00,1981,Climatological,0.165656,DesInventar
1982-10-31 00:00:00,1982,Climatological,0.409701,DesInventar
1982-12-21 00:00:00,1982,Meteorological,0.097618,DesInventar
1983-05-14 00:00:00,1983,Hydrological,0.184875,DesInventar
1983-05-17 00:00:00,1983,Hydrological,0.54,DesInventar
1985-01-28 00:00:00,1985,Climatological,0.545777,DesInventar
1985-03-07 00:00:00,1985,Hydrological,0.207072,DesInventar
1985-06-14 00:00:00,1985,Meteorological,4.437,DesInventar
1986-02-01 00:00:00,1986,Climatological,0.394911,DesInventar
1986-07-04 00:00:00,1986,Meteorological,0.329829,DesInventar
1987-02-20 00:00:00,1987,Climatological,0.124242,DesInventar
1987-03-31 00:00:00,1987,Climatological,0.135,DesInventar
1987-12-05 00:00:00,1987,Climatological,0.579796,DesInventar
1988-01-10 00:00:00,1988,Climatological,0.579796,DesInventar
1988-03-20 00:00:00,1988,Climatological,0.22186,DesInventar
1988-01-19 00:00:00,1988,Hydrological,0.4437,DesInventar
1988-04-17 00:00:00,1988,Hydrological,0.36975,DesInventar
1989-08-01 00:00:00,1989,Climatological,0.082828,DesInventar
1990-06-24 00:00:00,1990,Climatological,0.082828,DesInventar
1990-10-24 00:00:00,1990,Climatological,0.624166,DesInventar
1991-06-29 00:00:00,1991,Climatological,0.090223,DesInventar
1992-01-29 00:00:00,1992,Climatological,0.082828,DesInventar
1992-03-22 00:00:00,1992,Climatological,0.048809,DesInventar
1992-07-23 00:00:00,1992,Climatological,0.124242,DesInventar
1992-10-25 00:00:00,1992,Hydrological,0.041414,DesInventar
1993-04-25 00:00:00,1993,Climatological,0.069024,DesInventar
1994-03-26 00:00:00,1994,Climatological,0.372726,DesInventar
1994-09-03 00:00:00,1994,Climatological,0.090223,DesInventar
1994-12-02 00:00:00,1994,Climatological,0.165656,DesInventar
1995-01-25 00:00:00,1995,Climatological,8.698765625442228e-06,DesInventar
1995-03-26 00:00:00,1995,Climatological,0.01479,DesInventar
1995-11-27 00:00:00,1995,Climatological,0.090223,DesInventar
1995-01-01 00:00:00,1995,Meteorological,0.217421,DesInventar
1995-10-24 00:00:00,1995,Meteorological,0.041414,DesInventar
1995-11-15 00:00:00,1995,Meteorological,0.130154,DesInventar
1996-03-14 00:00:00,1996,Climatological,0.319478,DesInventar
1996-12-24 00:00:00,1996,Climatological,0.105013,DesInventar
1996-10-26 00:00:00,1996,Hydrological,0.41414,DesInventar
1996-08-29 00:00:00,1996,Meteorological,0.115364,DesInventar
1996-09-16 00:00:00,1996,Meteorological,0.041414,DesInventar
1997-11-16 00:00:00,1997,Climatological,0.117833,DesInventar
1997-12-15 00:00:00,1997,Climatological,0.056204,DesInventar
1997-07-15,1997,Climatological,56.673,EM-DAT
1998-01-24 00:00:00,1998,Climatological,0.090223,DesInventar
1998-03-17 00:00:00,1998,Climatological,29.7,DesInventar
1998-10-25 00:00:00,1998,Climatological,0.090223,DesInventar
1998-04-26 00:00:00,1998,Hydrological,0.332775,DesInventar
1998-10-08 00:00:00,1998,Hydrological,4.644,DesInventar
1998-06-22 00:00:00,1998,Meteorological,0.0042190180806667395,DesInventar
1999-09-01 00:00:00,1999,Hydrological,0.65305,DesInventar
1999-09-20 00:00:00,1999,Meteorological,0.04437,DesInventar
1999-10-26 00:00:00,1999,Meteorological,0.05916,DesInventar
2000-06-01 00:00:00,2000,Hydrological,1.258686,DesInventar
2000-06-04 00:00:00,2000,Hydrological,3.6975,DesInventar
2000-06-11 00:00:00,2000,Hydrological,0.49927481340909213,DesInventar
2001-06-20 00:00:00,2001,Hydrological,0.138048,DesInventar
2001-01-09 00:00:00,2001,Meteorological,0.082828,DesInventar
2001-09-23 00:00:00,2001,Meteorological,1.19803,DesInventar
2002-02-25 00:00:00,2002,Hydrological,0.808524,DesInventar
2003-01-06 00:00:00,2003,Climatological,0.270669,DesInventar
2003-01-26 00:00:00,2003,Climatological,0.041414,DesInventar
2003-02-25 00:00:00,2003,Climatological,0.048809,DesInventar
2003-04-04 00:00:00,2003,Climatological,0.285459,DesInventar
2003-04-29 00:00:00,2003,Climatological,0.131637,DesInventar
2003-06-03 00:00:00,2003,Climatological,0.090223,DesInventar
2003-07-06 00:00:00,2003,Climatological,0.082828,DesInventar
2003-08-15 00:00:00,2003,Climatological,0.22186,DesInventar
2003-09-07 00:00:00,2003,Climatological,0.097618,DesInventar
2003-09-23 00:00:00,2003,Climatological,0.165656,DesInventar
2003-10-27 00:00:00,2003,Climatological,0.20707,DesInventar
2003-11-13 00:00:00,2003,Climatological,8.526083805848442,DesInventar
2003-12-03 00:00:00,2003,Climatological,0.041414,DesInventar
2003-12-24 00:00:00,2003,Climatological,0.173051,DesInventar
2003-05-18 00:00:00,2003,Hydrological,243.23634,DesInventar
2003-07-13 00:00:00,2003,Meteorological,0.119803,DesInventar
2004-01-19 00:00:00,2004,Climatological,0.124242,DesInventar
2004-02-09 00:00:00,2004,Climatological,0.326873,DesInventar
2004-03-10 00:00:00,2004,Climatological,0.139032,DesInventar
2004-04-04 00:00:00,2004,Climatological,0.124242,DesInventar
2004-04-25 00:00:00,2004,Climatological,0.8374642583213175,DesInventar
2004-05-20 00:00:00,2004,Climatological,0.124242,DesInventar
2004-06-07 00:00:00,2004,Climatological,0.041414,DesInventar
2004-08-09 00:00:00,2004,Climatological,0.041414,DesInventar
2004-08-25 00:00:00,2004,Climatological,0.42291945045226537,DesInventar
2004-09-17 00:00:00,2004,Climatological,0.20707,DesInventar
2004-10-14 00:00:00,2004,Climatological,0.165656,DesInventar
2004-11-28 00:00:00,2004,Climatological,0.124242,DesInventar
2004-12-15 00:00:00,2004,Climatological,1.674928516642635,DesInventar
2004-12-31 00:00:00,2004,Climatological,0.090223,DesInventar
2004-06-05 00:00:00,2004,Hydrological,0.08123403305716781,DesInventar
2004-05-03 00:00:00,2004,Meteorological,0.007395,DesInventar
2004-06-04 00:00:00,2004,Meteorological,0.127198,DesInventar
2005-01-16 00:00:00,2005,Climatological,0.16072626996129022,DesInventar
2005-02-07 00:00:00,2005,Climatological,0.124242,DesInventar
2005-03-04 00:00:00,2005,Climatological,0.248484,DesInventar
2005-03-21 00:00:00,2005,Climatological,0.082828,DesInventar
2005-04-11 00:00:00,2005,Climatological,0.124242,DesInventar
2005-05-09 00:00:00,2005,Climatological,0.041414,DesInventar
2005-06-23 00:00:00,2005,Climatological,0.041414,DesInventar
2005-07-09 00:00:00,2005,Climatological,0.041414,DesInventar
2005-09-14 00:00:00,2005,Climatological,0.082828,DesInventar
2005-11-20 00:00:00,2005,Climatological,0.090223,DesInventar
2005-12-28 00:00:00,2005,Climatological,0.16072626996129022,DesInventar
2005-01-14 00:00:00,2005,Hydrological,747.071,DesInventar
2005-12-23 00:00:00,2005,Hydrological,0.5014659622792255,DesInventar
2005-10-02 00:00:00,2005,Meteorological,0.041414,DesInventar
2005-10-13 00:00:00,2005,Meteorological,0.02410894049419353,DesInventar
2005-12-02 00:00:00,2005,Meteorological,0.124242,DesInventar
2006-01-21 00:00:00,2006,Climatological,0.082828,DesInventar
2006-02-06 00:00:00,2006,Climatological,0.041414,DesInventar
2006-02-22 00:00:00,2006,Climatological,0.255879,DesInventar
2006-04-10 00:00:00,2006,Climatological,0.090223,DesInventar
2006-05-09 00:00:00,2006,Climatological,0.082828,DesInventar
2006-05-25 00:00:00,2006,Climatological,0.082828,DesInventar
2006-06-27 00:00:00,2006,Climatological,0.041414,DesInventar
2006-07-15 00:00:00,2006,Climatological,0.082828,DesInventar
2006-08-04 00:00:00,2006,Climatological,0.139032,DesInventar
2006-08-29 00:00:00,2006,Climatological,0.082828,DesInventar
2006-09-19 00:00:00,2006,Climatological,0.214465,DesInventar
2006-11-23 00:00:00,2006,Climatological,0.38901512948798894,DesInventar
2006-12-17 00:00:00,2006,Climatological,0.173051,DesInventar
2006-01-17 00:00:00,2006,Hydrological,325.69202474019306,DesInventar
2006-05-05 00:00:00,2006,Meteorological,0.112408,DesInventar
2006-05-20 00:00:00,2006,Meteorological,0.041414,DesInventar
2006-10-21 00:00:00,2006,Meteorological,0.110438,DesInventar
2006-12-08 00:00:00,2006,Meteorological,0.041414,DesInventar
2007-01-04 00:00:00,2007,Climatological,0.082828,DesInventar
2007-01-23 00:00:00,2007,Climatological,0.7564511842115517,DesInventar
2007-02-08 00:00:00,2007,Climatological,0.173051,DesInventar
2007-02-26 00:00:00,2007,Climatological,0.090223,DesInventar
2007-03-24 00:00:00,2007,Climatological,0.082828,DesInventar
2007-04-09 00:00:00,2007,Climatological,0.165656,DesInventar
2007-04-25 00:00:00,2007,Climatological,0.041414,DesInventar
2007-05-13 00:00:00,2007,Climatological,0.105013,DesInventar
2007-05-31 00:00:00,2007,Climatological,0.048809,DesInventar
2007-06-27 00:00:00,2007,Climatological,0.041414,DesInventar
2007-07-16 00:00:00,2007,Climatological,0.082828,DesInventar
2007-08-27 00:00:00,2007,Climatological,0.041414,DesInventar
2007-10-04 00:00:00,2007,Climatological,0.5301040025543353,DesInventar
2007-11-29 00:00:00,2007,Climatological,0.07564511842115518,DesInventar
2007-12-28 00:00:00,2007,Climatological,0.330979,DesInventar
2007-11-29 00:00:00,2007,Geophysical,0.23468,DesInventar
2007-05-17 00:00:00,2007,Meteorological,0.041414,DesInventar
2007-07-07 00:00:00,2007,Meteorological,0.082828,DesInventar
2007-08-20 00:00:00,2007,Meteorological,0.041414,DesInventar
2008-01-13 00:00:00,2008,Climatological,0.1821209886671079,DesInventar
2008-02-16 00:00:00,2008,Climatological,0.090223,DesInventar
2008-03-14 00:00:00,2008,Climatological,0.082828,DesInventar
2008-04-01 00:00:00,2008,Climatological,0.048809,DesInventar
2008-05-17 00:00:00,2008,Climatological,0.124242,DesInventar
2008-06-19 00:00:00,2008,Climatological,0.124242,DesInventar
2008-07-06 00:00:00,2008,Climatological,0.173051,DesInventar
2008-07-23 00:00:00,2008,Climatological,0.090223,DesInventar
2008-08-10 00:00:00,2008,Climatological,0.168417,DesInventar
2008-08-31 00:00:00,2008,Climatological,0.166642,DesInventar
2008-09-29 00:00:00,2008,Climatological,0.124242,DesInventar
2008-10-20 00:00:00,2008,Climatological,0.23665,DesInventar
2008-11-07 00:00:00,2008,Climatological,0.131637,DesInventar
2008-11-23 00:00:00,2008,Climatological,0.056204,DesInventar
2008-05-20 00:00:00,2008,Hydrological,0.0021854518640052945,DesInventar
2008-12-28 00:00:00,2008,Hydrological,0.295422,DesInventar
2009-01-07 00:00:00,2009,Climatological,0.229255,DesInventar
2009-01-24 00:00:00,2009,Climatological,0.131637,DesInventar
2009-02-11 00:00:00,2009,Climatological,0.3655416470119373,DesInventar
2009-03-04 00:00:00,2009,Climatological,0.3655416470119373,DesInventar
2009-03-31 00:00:00,2009,Climatological,0.214465,DesInventar
2009-04-24 00:00:00,2009,Climatological,0.090223,DesInventar
2009-06-02 00:00:00,2009,Climatological,0.041414,DesInventar
2009-07-05 00:00:00,2009,Climatological,1.096624941035812,DesInventar
2009-08-17 00:00:00,2009,Climatological,0.08041916234262621,DesInventar
2009-10-07 00:00:00,2009,Climatological,0.082828,DesInventar
2009-11-01 00:00:00,2009,Climatological,0.110438,DesInventar
2009-12-01 00:00:00,2009,Climatological,0.346102,DesInventar
2009-12-30 00:00:00,2009,Climatological,0.153822,DesInventar
2009-07-22 00:00:00,2009,Hydrological,0.2187,DesInventar
2010-01-15 00:00:00,2010,Climatological,21.291605014579545,DesInventar
2010-02-08 00:00:00,2010,Climatological,0.25144,DesInventar
2010-02-26 00:00:00,2010,Climatological,0.131637,DesInventar
2010-03-14 00:00:00,2010,Climatological,0.041414,DesInventar
2010-04-05 00:00:00,2010,Climatological,0.082828,DesInventar
2010-05-10 00:00:00,2010,Climatological,0.085589,DesInventar
2010-06-26 00:00:00,2010,Climatological,0.131637,DesInventar
2010-07-12 00:00:00,2010,Climatological,0.131637,DesInventar
2010-07-29 00:00:00,2010,Climatological,0.131637,DesInventar
2010-08-15 00:00:00,2010,Climatological,0.165656,DesInventar
2010-08-31 00:00:00,2010,Climatological,0.082828,DesInventar
2010-09-25 00:00:00,2010,Climatological,0.20707,DesInventar
2010-10-14 00:00:00,2010,Climatological,0.342156,DesInventar
2010-11-02 00:00:00,2010,Climatological,0.533943,DesInventar
2010-11-18 00:00:00,2010,Climatological,0.7205800615478792,DesInventar
2010-12-08 00:00:00,2010,Climatological,0.041414,DesInventar
2010-12-25 00:00:00,2010,Climatological,0.146427,DesInventar
2011-01-12 00:00:00,2011,Climatological,0.248484,DesInventar
2011-02-02 00:00:00,2011,Climatological,0.697274818569869,DesInventar
2011-02-21 00:00:00,2011,Climatological,0.338707,DesInventar
2011-03-20 00:00:00,2011,Climatological,0.504363,DesInventar
2011-04-05 00:00:00,2011,Climatological,0.041414,DesInventar
2011-04-24 00:00:00,2011,Climatological,0.165656,DesInventar
2011-05-10 00:00:00,2011,Climatological,0.255879,DesInventar
2011-05-26 00:00:00,2011,Climatological,0.165656,DesInventar
2011-06-13 00:00:00,2011,Climatological,0.289898,DesInventar
2011-07-04 00:00:00,2011,Climatological,0.380121,DesInventar
2011-07-29 00:00:00,2011,Climatological,0.331312,DesInventar
2011-08-15 00:00:00,2011,Climatological,0.41414,DesInventar
2011-09-06 00:00:00,2011,Climatological,0.165656,DesInventar
2011-09-25 00:00:00,2011,Climatological,0.20707,DesInventar
2011-10-11 00:00:00,2011,Climatological,0.090223,DesInventar
2011-10-30 00:00:00,2011,Climatological,0.462949,DesInventar
2011-11-15 00:00:00,2011,Climatological,0.421535,DesInventar
2011-12-01 00:00:00,2011,Climatological,0.124242,DesInventar
2011-12-23 00:00:00,2011,Climatological,0.289898,DesInventar
2011-05-20 00:00:00,2011,Hydrological,0.08874,DesInventar
2011-06-01 00:00:00,2011,Hydrological,3.4863740928493447,DesInventar
2012-01-12 00:00:00,2012,Climatological,0.082828,DesInventar
2012-01-31 00:00:00,2012,Climatological,0.165656,DesInventar
2012-03-01 00:00:00,2012,Climatological,0.165656,DesInventar
2012-03-18 00:00:00,2012,Climatological,0.496968,DesInventar
2012-04-03 00:00:00,2012,Climatological,0.372726,DesInventar
2012-04-19 00:00:00,2012,Climatological,0.124242,DesInventar
2012-02-28 00:00:00,2012,Hydrological,0.00115,DesInventar
2012-05-05 00:00:00,2012,Hydrological,0.141493,DesInventar
2012-06-05 00:00:00,2012,Meteorological,0.090223,DesInventar
2012-12-24 00:00:00,2012,Meteorological,0.048809,DesInventar
2013-10-22 00:00:00,2013,Climatological,0.00345,DesInventar
2013-01-14 00:00:00,2013,Hydrological,0.00115,DesInventar
2013-03-11 00:00:00,2013,Hydrological,0.1479,DesInventar
2013-04-27 00:00:00,2013,Hydrological,0.00115,DesInventar
2013-11-26 00:00:00,2013,Hydrological,3.037056,DesInventar
